gene,state,seed,BS,BF,Pon,nll,nll_per_cell,n_cells,mmax,boundary_mass,train_best_mean_nll,kon,koff,ksyn,k01,k10,k12,k21,analysis_role,log10_BS,log10_BF
0610007P14Rik,2,202,2.333417635064733,1.0984649525046255,0.0978876896505466,828.448068654703,2.025545400133748,409,70,1.1795384984428813e-17,2.772897381189308,1.2176587547941904,11.221686367571673,26.184880865257245,,,,,stable_K2,0.36799247577262234,0.040786204928207066
1810009A15Rik,2,202,4.395219231461248,1.597201663341472,0.0975423570301648,1205.178657462497,2.932308169008509,411,83,1.1549636641736677e-12,2.772897381189308,1.769835599248018,16.374441954970806,71.96926218493361,,,,,stable_K2,0.6429805423538862,0.20335975380106697
1810013L24Rik,2,303,3.825936568916841,0.8242666995550703,0.0707851202135411,935.6886191772784,2.386960763207343,392,78,9.691605259171464e-18,2.777697630751873,0.887057146291602,11.644632333299176,44.55162467556075,,,,,stable_K2,0.5827377654827679,-0.08393224533597825
1810037I17Rik,2,202,6.618847780914777,1.0982189735994154,0.0850595172157266,1245.5428229933311,3.0754143777613114,405,100,1.7508206742419334e-12,2.772897381189308,1.2003173914191705,12.911182775868925,85.45715346504511,,,,,stable_K2,0.8207823933757221,0.0406889426135205
1810043H04Rik,2,101,1.954318797203134,1.2444029023089849,0.0917007000795519,819.0625305237556,2.032413227106093,403,70,-3.618940672611893e-19,2.7720772594232392,1.3700361790634146,13.570266107340988,26.520626136625093,,,,,stable_K2,0.2909954092154616,0.09496101533871258
1810055G02Rik,2,101,2.690372116207416,1.117098783885489,0.0821570919719827,895.4286952755695,2.216407661573192,404,70,-3.734709520405648e-18,2.7720772594232392,1.2170914805950537,13.597107164728316,36.581277977069135,,,,,stable_K2,0.42981235317663263,0.0480915790238046
1810058I24Rik,2,101,4.652558101142926,1.6626011944059296,0.1030575442206371,1224.9659960742404,2.966019360954577,413,79,5.072648990243484e-11,2.7720772594232392,1.8536319511838448,16.132746098106566,75.05853855242763,,,,,stable_K2,0.6676918053059125,0.2207880881613752
2310022B05Rik,2,101,8.98769668094563,1.4961394783516078,0.0832368429841612,1469.2882663758476,3.5575987079318345,413,148,5.566461679104084e-12,2.7720772594232392,1.6319803723588766,17.974486113514683,161.54922918413922,,,,,stable_K2,0.953648407314696,0.174972082736202
2410006H16Rik,2,101,4.5323284211552615,1.4807950960143843,0.0917200341765811,1218.1522884671049,2.949521279581368,413,85,6.616324443499264e-13,2.7720772594232392,1.6303289203037088,16.144729003954907,73.1732141164745,,,,,stable_K2,0.6563213721374476,0.17049496748348977
2610203C20Rik,2,303,3.314351309797486,0.7131190554525311,0.0678913300782583,758.6535368306181,1.9808186340225016,383,75,5.60143700193683e-18,2.777697630751873,0.7650599961830667,10.503830969735294,34.81338593243357,,,,,stable_K2,0.5203985402390673,-0.14683795849351883
4833439L19Rik,2,101,2.482177374948679,0.9853528343544528,0.0794794621524347,847.4417571130625,2.051917087440829,413,70,-1.3344992215152304e-18,2.7720772594232392,1.0704300380505185,12.397578036759114,30.77298770700413,,,,,stable_K2,0.39483281270219867,-0.006408229832405421
9030624J02Rik,2,303,2.800125684709023,1.1639437906125751,0.0816319790973119,929.2700628963491,2.2944939824601214,405,70,3.2407663395881963e-18,2.777697630751873,1.2674045307767838,14.258429153421105,39.92539369609836,,,,,stable_K2,0.4471775252531314,0.06593200779134317
AI413582,2,303,4.4032671203524965,1.009485778586077,0.0829483959395997,1076.6673381987634,2.619628560094315,411,73,4.738675768516124e-13,2.777697630751873,1.1007949543039983,12.17004581162908,53.58796257552993,,,,,stable_K2,0.6437750323539688,0.004100205077482254
Aasdhppt,2,303,3.56315016310614,0.7300706341369265,0.067553436936473,817.3036423499065,2.10103764100233,389,70,6.511319892439319e-17,2.777697630751873,0.7829624378026554,10.80730555313539,38.50805254439226,,,,,stable_K2,0.5518341253636939,-0.13663511997282465
Abcc1,2,202,3.4192059859858945,0.8539842552664231,0.0725104845371654,903.8357576024516,2.276664376832372,397,72,3.694915911127822e-17,2.772897381189308,0.9207481497408292,11.77738999701086,40.26932237706993,,,,,stable_K2,0.5339252651377198,-0.06855013623598925
Abhd4,2,202,2.820880693525203,1.1538005067144348,0.0903866560905234,990.5446156884316,2.3984131130470496,413,73,3.84719469366552e-18,2.772897381189308,1.2684516057729025,12.765164202544325,36.00900524863632,,,,,stable_K2,0.45038471847037537,0.06213072535122265
Abi3bp,2,303,27.931474052756936,0.43965230440318,0.0664910750578789,1374.304672788557,3.3601581241774,409,168,3.295372696880345e-07,2.777697630751873,0.4709674355073135,6.612200269291373,184.6885002533444,,,,,stable_K2,1.4460938557184009,-0.3568906461793454
Acadl,2,303,3.381742807721219,0.8027787378610455,0.0731965013189251,849.1856561043003,2.0813373924125007,408,70,6.3093903766443085e-18,2.777697630751873,0.8661800899580894,10.967446850543462,37.089084505890085,,,,,stable_K2,0.529140575043267,-0.09540413861592363
Acads,2,202,2.9771320432581025,0.7565416645647508,0.0783249286789463,823.5955676157178,1.99417812982014,413,70,-3.8777323132313714e-18,2.772897381189308,0.8208333805539362,9.659015045718244,28.756163198919914,,,,,stable_K2,0.4737980971212414,-0.12116714934298349
Acat1,2,303,3.8820582370741854,1.100881336209246,0.0846204218282654,1050.9106546877642,2.5820900606578974,407,94,-1.0237775383688912e-17,2.777697630751873,1.2026500945192695,13.009641318539527,50.50418524201704,,,,,stable_K2,0.5890620462121198,0.04174050897456564
Acly,2,303,3.4828420621596523,0.8715198557695136,0.0754454151498941,893.1910596961609,2.3139664758967897,386,77,-1.4094346774160698e-17,2.777697630751873,0.9426375360096336,11.551660946367486,40.23261063181565,,,,,stable_K2,0.5419337807781481,-0.05972271394365924
Aco2,2,303,2.548343864814768,0.989370176557442,0.0717638797644972,820.8266939286364,2.031749242397615,404,70,-6.315019442641243e-19,2.777697630751873,1.0658604583351363,13.786464441501664,35.13265207698772,,,,,stable_K2,0.40625802983109205,-0.0046411850894304595
Acot7,2,303,7.126036039486311,0.5131920282502038,0.0576496083519911,985.7921413216754,2.4043710763943302,410,91,1.1027406013114065e-13,2.777697630751873,0.5445872711452044,8.901916993378476,63.435381315330645,,,,,stable_K2,0.852848014438019,-0.28972009842695495
Actn1,2,101,32.82202622031652,1.554860438286538,0.1529558025824114,1969.0081415926068,4.767574192718176,413,433,5.5665095878830464e-18,2.7720772594232392,1.8356308242555608,10.165423030935948,333.64978126198906,,,,,stable_K2,1.5161653880863613,0.19169141355441477
Actr1b,2,202,2.9180993193972147,0.9733669648133392,0.0852808558718583,920.846350170706,2.262521744891169,407,70,-6.789956154935326e-18,2.772897381189308,1.0641156589557303,11.413663182225855,33.30620276388232,,,,,stable_K2,0.4651000693024991,-0.011723397400848858
Actr2,2,202,2.490118203931171,1.8637511170611625,0.0945869280550732,992.519096798176,2.4031939389786348,413,70,3.114919612165961e-16,2.772897381189308,2.058453953020161,19.70410875354777,49.06555989944884,,,,,stable_K2,0.39621996319879027,0.270387916760637
Adam12,2,101,3.121223639519962,0.8762560250929402,0.0728719576332753,861.1886578130898,2.1913197399824167,393,71,1.1094289057459173e-17,2.7720772594232392,0.9451294589861384,12.024598399052987,37.53146077885808,,,,,stable_K2,0.4943248875149944,-0.057368982827714785
Adam19,2,303,4.169401013550589,1.2512265958040774,0.0907571698354854,1115.5442846320982,2.7142196706377084,411,85,6.453713163525808e-16,2.777697630751873,1.376119287712927,13.78653166545588,57.48157909929903,,,,,stable_K2,0.620073667636888,0.09733596708421523
Adam9,2,101,4.841982839030275,1.3535821374740578,0.0943433430851469,1206.17932300114,2.92053104842891,413,86,3.5806189682183363e-13,2.7720772594232392,1.494586416540101,14.347404842887745,69.46988803388233,,,,,stable_K2,0.6850232458806701,0.13148461457228589
Add1,2,303,2.550628066319785,1.2323960638499825,0.0814589915728599,889.5094307909121,2.2182280069598805,401,76,-1.5457077078078998e-17,2.777697630751873,1.3416886699051909,15.12903658704984,38.58854533530821,,,,,stable_K2,0.4066471342187769,0.09075030255389162
Adh5,2,303,3.651061834477887,1.170780420488435,0.0824352788520849,1039.9897219564252,2.5181349199913443,413,70,1.3802793423564858e-13,2.777697630751873,1.2759649466729013,14.202419604708162,51.85391217599049,,,,,stable_K2,0.5624191882346175,0.06847545091162383
Adipor1,2,303,3.9022598304016216,1.5186589266206112,0.1061016679364127,1146.5131933530834,2.776061000854924,413,74,3.134434085429613e-13,2.777697630751873,1.6989168366773302,14.31324272424022,55.85399212559088,,,,,stable_K2,0.5913161833447043,0.1814602472537803
Adipor2,2,303,3.7208210584344488,0.6567415715928815,0.061059945064518,848.3465448060479,2.1696842578159794,391,97,-1.1933905711894489e-17,2.777697630751873,0.6994499469276647,10.755685595506929,40.01998146166225,,,,,stable_K2,0.5706387844522879,-0.18260549209985322
Adra1d,2,202,3.730272634535564,0.6696928200237813,0.0767692216283004,791.7049613392181,2.024820872990328,391,70,8.033908819576125e-18,2.772897381189308,0.7253796512340255,8.723454606147836,32.54086399592649,,,,,stable_K2,0.5717405742610683,-0.17412435723937317
Adss,2,303,2.195992906036778,1.122893615320635,0.0720121337243122,838.0817761028275,2.0642408278394764,406,70,-1.961984006241956e-19,2.777697630751873,1.210030492992507,15.593116843606758,34.24237397156303,,,,,stable_K2,0.3416309328299403,0.05033861247893252
Aebp1,2,202,31.765270114329564,1.2226633165794778,0.1376198692492055,1868.684863518372,4.524660686485161,413,355,1.0271490760730224e-17,2.772897381189308,1.417777698003105,8.884351680101135,282.21383090911024,,,,,stable_K2,1.5019525526876207,0.08730688231672895
Aebp2,2,101,3.1914474138967424,0.7810821899446333,0.0617336737286393,885.6356755338026,2.1867547544044506,405,72,6.062603289027662e-18,2.7720772594232392,0.8324738595795377,12.652449510424583,40.37962726950365,,,,,stable_K2,0.503987692869656,-0.10730326476372525
Afg3l2,2,303,3.611956366386237,0.8972235973572666,0.0715893817389134,918.1712870235664,2.2559491081660106,407,72,9.409695543277409e-16,2.777697630751873,0.9664081600421232,12.53291445691544,45.26834016202983,,,,,stable_K2,0.5577424952538319,-0.04709931281167217
Ahnak,2,101,17.76535492892933,1.8937758973860328,0.1227688639049597,1780.3657219776014,4.310812886144314,413,285,8.862827813510202e-15,2.7720772594232392,2.1588106252316823,15.425538993763766,274.0401751942527,,,,,stable_K2,1.249573888556879,0.2773285848641742
Aimp1,2,303,2.6126570341246325,0.9631414233393872,0.0794654843829858,820.497832210842,2.056385544388075,399,70,2.4217397337184693e-18,2.777697630751873,1.046284964875885,12.120248568516908,31.666052677874703,,,,,stable_K2,0.41708240323555074,-0.01630993835166952
Ak2,2,303,7.60846992297926,1.0578042062376378,0.0861781458597895,1265.1974155606945,3.063431998936306,413,100,7.547866467090606e-11,2.777697630751873,1.1575606355276942,12.27462247747437,93.39109593578893,,,,,stable_K2,0.8812973281478405,0.024405289608815297
Akap12,2,101,7.53466868730434,0.9994729571628608,0.0632148205189574,1265.3183183993592,3.0786333781006308,411,134,7.285268929248008e-15,2.7720772594232392,1.0669179861668452,15.810737876937102,119.12867160453467,,,,,stable_K2,0.8770641603747446,-0.00022895213498874199
Akt1,2,303,6.5093211948100365,0.9698657779684876,0.074941548884642,1189.610443518546,2.988970963614437,398,108,1.280003801261736e-14,2.777697630751873,1.0484372925830845,12.941629742152877,84.24122477597966,,,,,stable_K2,0.8135357018218026,-0.013288364621410918
Aldh2,2,303,3.2448510033154934,0.9213914979512438,0.0739436402975201,927.4518579637923,2.3128475260942456,401,72,1.8877486266368202e-17,2.777697630751873,0.9949626589112408,12.460726767629062,40.433201753981386,,,,,stable_K2,0.5111947597115752,-0.035555799474152314
Alg5,2,101,3.197461122293576,1.197470248580116,0.0765841489755865,979.3661069787272,2.436234096962008,402,70,7.914978938512151e-15,2.7720772594232392,1.2967832935201122,15.636006466061856,49.99552278316375,,,,,stable_K2,0.5048052726265269,0.0782647320757498
Amfr,2,101,3.2269817751478365,0.8765237132304771,0.0789711976671187,897.804819398721,2.1951218078208337,409,70,1.0458946144370077e-18,2.7720772594232392,0.9516789388239794,11.099283525181171,35.81718565295828,,,,,stable_K2,0.5087965126691425,-0.05723633012827376
Anapc16,2,101,3.414311305054253,1.4196661699309836,0.0977711081279008,1077.6124751853688,2.6092311747829755,413,70,4.2328071796115234e-14,2.7720772594232392,1.5735099847946754,14.520303565280496,49.576836615756775,,,,,stable_K2,0.5333031160474957,0.1521862333961593
Anapc4,2,202,2.395944881803225,0.8301937466578785,0.0776784713676318,775.8819273657946,1.9843527554112392,391,70,9.146140098097153e-19,2.772897381189308,0.900113161067488,10.687565448202362,25.60681773455744,,,,,stable_K2,0.3794768229810265,-0.08082054222009272
Anp32b,2,101,2.2095872559719325,1.0717498407259447,0.0782080761830763,801.5671400863026,2.039611043476597,393,70,-8.75294749220661e-18,2.7720772594232392,1.16268087518936,13.703825653722747,30.279798522527017,,,,,stable_K2,0.3443111564024472,0.030093427641640684
Anxa1,2,202,35.966744176344974,1.587310819257567,0.1806363522763581,2025.2092421005004,4.903654339226393,413,487,-1.389186429379659e-17,2.772897381189308,1.9372482824536303,8.787327684900973,316.051566836547,,,,,stable_K2,1.5559011258851012,0.20066197645322245
Anxa2,2,101,35.721928960799524,1.4073125187408275,0.1517920504289607,1947.0488405368867,4.737345110795345,411,437,3.340072173355997e-18,2.7720772594232392,1.659159784404923,9.27131898385848,331.18939811430465,,,,,stable_K2,1.5529349024676848,0.14839055094819656
Anxa3,2,101,12.729332992714667,1.962327116371161,0.10749875392557,1718.4074239132958,4.160792793978924,413,240,1.0779082990736262e-15,2.7720772594232392,2.198682774956612,18.25441732775653,232.3665567529936,,,,,stable_K2,1.1048056475521064,0.29277140518118877
Anxa4,2,101,4.152029327196581,1.0088315680466968,0.0765566758870346,1004.4853440987704,2.4863498616306194,404,82,7.139104574999696e-16,2.7720772594232392,1.09246722749959,13.177578001627277,54.71369032417696,,,,,stable_K2,0.6182604124210043,0.0038186635868142555
Anxa5,2,101,12.500951469723846,1.7289995033411114,0.0950017179212191,1643.6396837541392,3.9797571035209183,413,209,8.841639083944513e-13,2.7720772594232392,1.9105003153924225,18.199665660518857,227.51313718734585,,,,,stable_K2,1.0969430691940552,0.23779486852190077
Ap2b1,2,303,3.6788931554319686,1.3848469015136184,0.0950826645757306,1083.4031311131998,2.636017350640389,411,78,2.4418727710819557e-15,2.777697630751873,1.5303573567461106,14.564662314555012,53.58183650019437,,,,,stable_K2,0.5657171749797739,0.14140176365100818
Ap2s1,2,202,4.345599364117879,1.7128965617157397,0.0938852611182756,1218.861906183298,2.9656007449715283,411,82,8.785493311418437e-12,2.772897381189308,1.890374903105207,18.244573656325585,79.28360767953026,,,,,stable_K2,0.6380496847150248,0.23373113761090553
App,2,101,9.273496309457965,1.3706756796436934,0.0867238463819938,1435.9082467864605,3.4767754159478463,413,134,8.428448269620537e-11,2.7720772594232392,1.5008337557196338,15.805060970269436,146.56817457855172,,,,,stable_K2,0.9672435034679595,0.13693470701170976
Aprt,2,101,6.031716961307275,2.0845942865058134,0.1090612047790591,1380.3031073340198,3.342138274416513,413,108,2.8874647938508435e-11,2.7720772594232392,2.339772718044972,19.11398549767421,115.2901505245028,,,,,stable_K2,0.7804409540443378,0.31902154310977804
Arcn1,2,101,3.2230714964448066,1.259248032938213,0.0896379428779673,988.5764114118538,2.4652778339447723,401,70,1.851457892456616e-15,2.7720772594232392,1.3832387049600123,14.04815854210919,45.27821937460976,,,,,stable_K2,0.5082699394456452,0.10011128112216741
Arf4,2,101,6.405232783032454,2.1346254645572738,0.1102064472744414,1397.04245512244,3.382669382863051,413,116,1.6492416930754713e-11,2.7720772594232392,2.399012060739961,19.36933380350721,124.06509186372308,,,,,stable_K2,0.806534917773039,0.32932168594416306
Arf6,2,303,3.0406834804118,1.1334447297793817,0.0815319441243857,912.8442914291444,2.3834054606505077,383,72,2.3662157947204737e-17,2.777697630751873,1.2340600443624807,13.901848434402469,42.27112088167623,,,,,stable_K2,0.4829712146640586,0.05440034745586502
Arfgap1,2,202,2.9317857904967086,0.7560152367871247,0.0787155022502834,785.0291316096792,1.992459724897663,394,70,1.086570033374698e-17,2.772897381189308,0.8206099621058748,9.604400850842598,28.158045940734823,,,,,stable_K2,0.4671322356130999,-0.12146945160740798
Arfip1,2,303,2.3052528757801958,0.9903356275207408,0.0733111032169236,782.3192924424957,1.9606999810588863,399,70,-5.883727090836634e-18,2.777697630751873,1.0686818747463245,13.508671729988713,31.1409043535271,,,,,stable_K2,0.3627185724728286,-0.004217596838808108
Arhgap1,2,202,3.9211205955388606,1.2693665039129531,0.0951274804674985,1113.26798446966,2.6955641270451816,413,70,7.02194935341178e-13,2.772897381189308,1.4028125249828185,13.343846569621364,52.3228316078529,,,,,stable_K2,0.5934101993957616,0.1035870339513868
Arhgef25,2,303,5.0965071614796,0.6964440051476223,0.062447067129478,948.395137768494,2.370987844421235,400,82,1.9958150093377982e-14,2.777697630751873,0.7428316639310248,11.152549465671646,56.83904822055104,,,,,stable_K2,0.7072726388077842,-0.15711379558313826
Arid5b,2,202,3.0602568301039765,0.8375875688335788,0.0826728544485973,851.3002086612245,2.155190401673986,395,70,-6.8522095568758594e-18,2.772897381189308,0.9130740029829896,10.13134933370853,31.0045309966509,,,,,stable_K2,0.4857578758986896,-0.0769697769202403
Arl2,2,202,3.441644436979507,1.147375031440491,0.0996341445191606,1015.807357544912,2.483636571014455,409,71,1.2209796959216712e-16,2.772897381189308,1.2743431178070792,11.515881799134023,39.63357053090317,,,,,stable_K2,0.5367660004964334,0.05970539476587271
Arl4c,2,101,6.248627110636085,0.4690092483926566,0.0572238535709114,720.0672376074325,1.9673968240640232,366,70,2.69856068485272e-11,2.7720772594232392,0.4974767872194287,8.196044466167649,51.21402565127403,,,,,stable_K2,0.7957846087408531,-0.32881859334825136
Arl6ip1,2,303,7.0334024768661365,0.709131788648216,0.06329915159806,1050.9978050264913,2.595056308707386,405,87,9.649334000129544e-11,2.777697630751873,0.7570525743176507,11.202864031276356,78.79425162557368,,,,,stable_K2,0.8471654700340235,-0.1492730458268923
Arl8b,2,101,3.4714828433812706,1.2585865499873308,0.0892579725195907,967.805557867854,2.4501406528300103,395,70,2.8376366618332492e-14,2.7720772594232392,1.3819352923343642,14.100550510612267,48.9498191798215,,,,,stable_K2,0.5405150232456747,0.09988308630428794
Arpc3,2,202,3.451882395881935,1.7248301413093132,0.0951498346244808,1105.1290669751927,2.6758573050246794,413,70,3.85020199662049e-12,2.772897381189308,1.9062052561967504,18.12751591336488,62.574053062413874,,,,,stable_K2,0.5380559910728466,0.2367463328445019
Arpc5,2,101,15.027383003415594,1.4254294780009955,0.0891500952072095,1637.8789005825313,3.9658084759867593,413,209,5.531330622507555e-11,2.7720772594232392,1.564944422237456,15.989096530832663,240.274277447406,,,,,stable_K2,1.17688335542829,0.1539457358000638
Arpc5l,2,202,2.1661516609937026,1.2286044247783037,0.0934827647614207,823.4964289713982,2.069086504953262,398,70,-1.4602322489400702e-17,2.772897381189308,1.3553017824917104,13.142576900820702,28.46881478345023,,,,,stable_K2,0.33568886005794224,0.08941207508361006
Asns,2,101,8.942644333544415,1.2672887900577756,0.0788470021617362,1416.4377536396278,3.429631364744861,413,129,1.0451121495768632e-10,2.7720772594232392,1.375763627792358,16.072758067050255,143.73295885273726,,,,,stable_K2,0.9514659583548107,0.1028755932868146
Atic,2,202,2.854652576949973,1.0196022378170024,0.0957257254081433,892.4680742766514,2.1820735312387565,409,70,-7.849909553707372e-18,2.772897381189308,1.1275364858490518,10.651287660341564,30.40572576742949,,,,,stable_K2,0.4555532603595414,0.008430779985253775
Atox1,2,101,5.404212320338007,1.8543016647498505,0.1064731473072291,1311.7523219489854,3.1761557432178824,413,89,2.3090259539927479e-10,2.7720772594232392,2.0752612628950624,17.415674389705487,94.11800210384148,,,,,stable_K2,0.732732403218203,0.2681803882113688
Atp13a3,2,303,2.23907315072,1.0476520746076097,0.0688033848092702,828.0369783550921,2.0344888903073515,407,70,-4.960929053977321e-18,2.777697630751873,1.1250600115132798,15.226751961575786,34.093811489837435,,,,,stable_K2,0.3500682822503524,0.02021707733686613
Atp1b3,2,303,4.860733986053744,1.350374879496145,0.0957885568240475,1208.47001950382,2.9260775290649392,413,76,5.515738964697179e-11,2.777697630751873,1.4934282127121594,14.09745510600631,68.52397915063176,,,,,stable_K2,0.6867018540409733,0.13045435034372388
Atp5c1,2,101,12.948509395497064,1.554287135086907,0.0943082186920365,1604.4584237643207,3.884887224610946,413,193,1.3702321892832696e-11,2.7720772594232392,1.7161325377627568,16.480929834571803,213.40347480948088,,,,,stable_K2,1.1122197762496788,0.191531252344306
Atp5j2,2,202,6.770205796449139,2.4574176081073325,0.1084755612936077,1460.9094199243782,3.537310944126824,413,128,4.3475900729521905e-11,2.772897381189308,2.756422035578813,22.654112860093065,153.37300619881506,,,,,stable_K2,0.830601870295756,0.3904789657944338
Atp5o,2,101,5.587700839800827,1.977394934910043,0.1049397342395702,1340.4968221966528,3.2457550174253096,413,100,3.132687643149355e-11,2.7720772594232392,2.209231054659853,18.843147919507643,105.28987345432408,,,,,stable_K2,0.7472331463502263,0.2960934173778066
Atp6v0a2,2,303,3.460068692625413,0.6861624255291453,0.0652663531677135,731.5063163991395,1.9717151385421547,371,70,1.1039063883715104e-17,2.777697630751873,0.734072671776048,10.51326437323575,36.37661691512715,,,,,stable_K2,0.5390847209118597,-0.1635730677315278
Atp6v0b,2,202,4.519878298142021,1.5150026594500343,0.089538634816396,1190.0545503860849,2.909668827349841,409,84,2.321190827878051e-12,2.772897381189308,1.663994450928204,16.920100050180935,76.47679301920452,,,,,stable_K2,0.6551267411925926,0.18041339520364466
Atp6v0d1,2,202,2.295808034466478,1.297351203550751,0.0958610888538422,909.3197581319218,2.201742755767365,413,70,-1.6106064224119782e-18,2.772897381189308,1.4349025216779208,13.533658119915575,31.070681047424667,,,,,stable_K2,0.3609355714187371,0.11305755905807294
Atp6v0e,2,303,11.017367720304636,2.119884188413464,0.1816022427877481,1609.2170093914228,3.8964092237080457,413,189,5.8112089115636125e-18,2.777697630751873,2.5902859211571263,11.673226915435883,128.6082334099146,,,,,stable_K2,1.0420778448695773,0.32631213559534583
Atp6v1a,2,101,4.819289676755547,1.1779676998496584,0.0850472016195903,1178.4022829894968,2.853274292952777,413,85,1.628187980772737e-13,2.7720772594232392,1.287462808939238,13.850752022607608,66.75078623785386,,,,,stable_K2,0.6829830315586196,0.0711333821578921
Atp6v1f,2,101,2.623367726826745,1.4422200353830217,0.0953492983334528,914.1508551448504,2.213440327227241,413,70,7.795642522611421e-18,2.7720772594232392,1.5942286152281362,15.125649171945986,39.68013988498679,,,,,stable_K2,0.4188591714665255,0.15903152450451255
Atxn10,2,303,2.9383284516742,1.136965855372045,0.079067042722304,913.6233510063342,2.3426239769393185,390,75,-9.074981822228336e-18,2.777697630751873,1.2345804831797402,14.379769575615075,42.252486072548805,,,,,stable_K2,0.4681003403912138,0.05574742243076897
Aurkaip1,2,303,3.575865838450702,1.4017367651150456,0.09577967146439,1110.2304707176113,2.7144999284049174,409,75,7.729612818791363e-15,2.777697630751873,1.550215938393208,14.635013293360457,52.33284408099956,,,,,stable_K2,0.5533812163001796,0.1466664642785477
Avpi1,2,202,4.110907098424563,0.956333423563195,0.0893228878027418,1048.0915612678991,2.575163541198769,407,70,2.4328899242272072e-14,2.772897381189308,1.050134466711015,10.70647677306554,44.01333136551284,,,,,stable_K2,0.6139376623562529,-0.019390665498067155
Axl,2,202,7.74774656809515,2.1645172405467474,0.1043900808597228,1553.9097650786853,3.762493377914492,413,175,1.0805333056839152e-16,2.772897381189308,2.416808025780389,20.73489380140801,160.6487022896763,,,,,stable_K2,0.8891754063323191,0.3353610493519928
B2m,2,202,5.780363198031326,1.6214620164986209,0.0890698190137336,1286.687701509431,3.1154665896112133,413,93,3.183934367063068e-10,2.772897381189308,1.780006909797477,18.204393300143654,105.22800507463842,,,,,stable_K2,0.7619551273383931,0.2099067795780546
BC004004,2,303,4.036594035077306,1.246836731167891,0.0854797351517279,1099.197078262407,2.687523418734492,409,72,1.99090086698814e-12,2.777697630751873,1.3633779141840596,14.586342937945885,58.87914489690434,,,,,stable_K2,0.606015074109041,0.09580958788500406
BC031181,2,202,3.441937001148689,1.557073974866809,0.0951118559111955,1078.3573958276231,2.6626108538953663,405,72,1.569564991587233e-13,2.772897381189308,1.720736408183065,16.370976677404176,56.347870370899656,,,,,stable_K2,0.5368029170363181,0.19230924590998694
Bad,2,303,2.46356781472814,1.0827456501016162,0.0746419278756884,821.8645568816924,2.0495375483333973,401,70,-1.31139289226911e-17,2.777697630751873,1.1700828930102654,14.505863941575342,35.73617953129049,,,,,stable_K2,0.39156452161675787,0.03452644764024547
Bag2,2,202,6.592441775446715,0.7455239031424882,0.0832651413064292,1072.8112959664277,2.635899990089503,407,87,1.5185035342940681e-13,2.772897381189308,0.8132383055717184,8.953613618438945,59.02617645940553,,,,,stable_K2,0.8190463027864627,-0.12753842754772435
Bag3,2,101,5.32059394751579,0.6285102277822854,0.0626423364527271,903.4237714568816,2.322426147704065,389,74,1.171695411511459e-12,2.7720772594232392,0.6705127105952212,10.0333139434636,53.383189441118205,,,,,stable_K2,0.7259601160789775,-0.20168765062198996
Bak1,2,303,2.701056029569924,1.1461620215796735,0.0778943793227656,952.659815225528,2.329241602018406,409,78,-6.5412024167572894e-18,2.777697630751873,1.2429834455817357,14.714309704303574,39.744174947768414,,,,,stable_K2,0.4315335931029117,0.05924601388299404
Bax,2,202,11.38767218688899,1.605408614948282,0.1015053979475541,1610.3371761189087,3.899121491813338,413,191,2.5558009792017115e-14,2.772897381189308,1.786776026568241,15.81599252266136,180.107338158355,,,,,stable_K2,1.056434956764843,0.20558558915929273
Baz1b,2,303,3.656274296369592,0.5756576351656854,0.0583931730622792,748.5371924794356,2.0014363435279026,374,70,5.5497969809470495e-18,2.777697630751873,0.6113566923020622,9.858303719027518,36.04466249368507,,,,,stable_K2,0.5630387693733832,-0.23983573075117542
Bbip1,2,101,3.744352164149756,1.0032838274981934,0.0901136788487341,959.8071348367408,2.405531666257496,399,70,2.0341363646566323e-15,2.7720772594232392,1.1026474452640995,11.133535333545945,41.68787712080053,,,,,stable_K2,0.5733766882910771,0.001423811663420341
Bccip,2,303,2.504503609674597,1.1251986697906124,0.0732817840011744,895.9709297772918,2.201402775865582,407,70,-9.830608908618298e-18,2.777697630751873,1.2141756257352323,15.354411537969384,38.45517912127361,,,,,stable_K2,0.3987216619630972,0.05122921007071553
Bckdk,2,202,3.006950528820287,1.2097177025455683,0.1010369185894416,992.5142280996388,2.4148764673957146,411,70,-1.184212941348092e-17,2.772897381189308,1.3456811826436814,11.973026488081988,36.00229832991744,,,,,stable_K2,0.4781262830266563,0.08268403599373775
Bclaf1,2,101,3.6229267903937306,0.9695504619019504,0.0860623906585442,880.6294763050262,2.373664356617321,371,70,6.938371769876458e-16,2.7720772594232392,1.060849725399272,11.26566964365048,40.81469636370672,,,,,stable_K2,0.5590595581997966,-0.013429582402456511
Bicc1,2,101,4.143332058906188,0.7163064685144724,0.0736126672853923,922.7898259103144,2.2507068924641818,410,70,1.881855758123172e-15,2.7720772594232392,0.7732256726951005,9.730750085951795,40.31772878832822,,,,,stable_K2,0.6173497403394976,-0.1449011269825799
Bid,2,101,3.6099899870608168,0.8379532144022688,0.083469792812563,917.0038144162668,2.2311528331296038,411,70,5.2651276104068776e-17,2.7720772594232392,0.9142668815834254,10.03899957298263,36.24068793857512,,,,,stable_K2,0.5575059973155566,-0.07678022873743984
Blvrb,2,101,5.945476773498328,0.618819999690351,0.0607542184777785,1005.1361003704257,2.469621868232004,407,72,1.2528381816396232e-10,2.7720772594232392,0.6588477817674504,10.185630153677147,60.55842750213169,,,,,stable_K2,0.7741866868431957,-0.20843565874965797
Bmp1,2,202,7.467779846390854,1.1093275754976857,0.087797989561126,1282.5278459914202,3.1511740687749885,407,138,-3.675408945991736e-17,2.772897381189308,1.2160985865005622,12.63499974250958,94.35539643626666,,,,,stable_K2,0.8731915062632558,0.04505980874992023
Bms1,2,101,3.0349765484343854,0.813417059494373,0.0804016271575663,740.0973142736257,1.973592838063002,375,70,1.932072597857263e-18,2.7720772594232392,0.8845351226320036,10.116922856552224,30.704623611955817,,,,,stable_K2,0.48215533958759,-0.08968672353878523
Bop1,2,303,3.830115188443414,0.5991885828177159,0.0648747764974027,733.3660833767331,1.982070495612792,370,70,1.0732404382036404e-17,2.777697630751873,0.6407575881371269,9.236079338812123,35.37524775725272,,,,,stable_K2,0.5832118353140795,-0.22243647045295648
Bsg,2,202,29.057691143633814,1.9451066933732395,0.1828297086366205,1980.1642206189445,4.794586490602771,413,440,1.1338411830253314e-20,2.772897381189308,2.3802954095749045,10.638898392816436,309.1418236069622,,,,,stable_K2,1.4632611033062792,0.28894342832106085
Btg1,2,303,3.35171218041592,0.8559141412053574,0.0645281174124496,879.642014464974,2.161282590823032,407,81,-3.952073171993657e-18,2.777697630751873,0.9149544279597872,13.264204435634475,44.45779557044296,,,,,stable_K2,0.5252667176479898,-0.06756979825613871
Bub3,2,303,4.476184262704796,0.9926963585270188,0.0774784935644464,1095.046607854168,2.703818784825106,405,97,-8.06454526830696e-18,2.777697630751873,1.0760685269686636,12.81254078205968,57.35129341391895,,,,,stable_K2,0.6509079560128777,-0.003183571224667438
Bud31,2,101,3.30235008394641,1.4020339852796515,0.0927361596033422,1034.50127169715,2.529342962584719,409,70,2.522679139096504e-14,2.7720772594232392,1.5453431767617665,15.118525408821458,49.92666365296748,,,,,stable_K2,0.5188231111638878,0.1467585410489927
Bysl,2,202,3.07383432326897,0.7935043037099425,0.0803619246250728,849.902316284589,2.0882120793233145,407,70,-6.163482205408839e-18,2.772897381189308,0.8628441176562192,9.874132649411056,30.351447850270475,,,,,stable_K2,0.4876804557372083,-0.10045071343035404
Cald1,2,202,23.5472902194198,1.8452990991037157,0.1572813013181539,1853.4503758832811,4.487773307223441,413,327,1.1823926761561423e-16,2.772897381189308,2.189697584722012,11.732476039036465,276.2680182835805,,,,,stable_K2,1.3719409364982464,0.2660667697158913
Calm1,2,101,8.186100799338933,2.395629360735501,0.1208500776773919,1545.2658740120044,3.741563859593231,413,160,1.9922106323637842e-13,2.7720772594232392,2.7249383750231555,19.823151186800303,162.2743137756825,,,,,stable_K2,0.9130770880159641,0.3794196271402031
Calr,2,101,18.40024523098448,1.6877876320879224,0.1172471034491653,1745.4685763226566,4.226316165430162,413,273,6.482445934606998e-14,2.7720772594232392,1.9119593248377729,14.395132864153814,264.87397483303414,,,,,stable_K2,1.264823611148321,0.2273178001008957
Calu,2,101,9.517862311861206,1.8967448438888688,0.0978512645828683,1553.3465651808128,3.761129697774365,413,165,4.666918845360336e-12,2.7720772594232392,2.102474646835104,19.38395841867279,184.4938472877705,,,,,stable_K2,0.9785394178790634,0.27800891215160184
Cant1,2,101,2.52215764026212,0.8146862749608278,0.0765099545025038,793.8499588967829,1.936219411943373,410,70,-9.792780146490716e-18,2.7720772594232392,0.882181977957267,10.648108213607248,26.85620748528736,,,,,stable_K2,0.40177222742199536,-0.08900960019725729
Canx,2,101,7.552694245278644,1.9510802772821425,0.1004940253920846,1466.3589113586431,3.5505058386407824,413,137,3.1588859640715428e-12,2.7720772594232392,2.169057607574643,19.41488829480025,146.63471509686553,,,,,stable_K2,0.8781019035670106,0.29027513882732525
Capg,2,202,9.242073936427133,1.3312196438569768,0.0876374521274145,1441.1377535948018,3.5064178919581552,411,132,6.363854928037634e-11,2.772897381189308,1.459090629006054,15.19007697669644,140.38781451864804,,,,,stable_K2,0.9657694385447154,0.12424971756724927
Capns1,2,101,6.500664356728516,1.6393368685683096,0.090380396667293,1358.0960247397786,3.288368098643532,413,127,3.2147172405531056e-14,2.7720772594232392,1.802222448331182,18.13819068091736,117.9102896549848,,,,,stable_K2,0.8129577430608945,0.21466820624142569
Capza2,2,101,2.667191366260176,1.36498151594974,0.0946316525373438,925.0539931943848,2.250739642808722,411,70,-1.332179911545483e-18,2.7720772594232392,1.507653232825264,14.42415385709434,38.47197863325044,,,,,stable_K2,0.42605417666823103,0.13512677036916776
Cast,2,303,3.1062126575792064,0.8436257085207838,0.0651998537244801,827.2957365807291,2.160041087678144,383,75,7.29923168119385e-18,2.777697630751873,0.9024663848010744,12.939073637891203,40.19151431136709,,,,,stable_K2,0.4922311850859308,-0.07385019410728892
Cat,2,101,3.5360723383074744,0.9314229797375604,0.0900047463680462,920.078115527987,2.249579744567205,409,70,3.840073500644249e-17,2.7720772594232392,1.023547074580977,10.348598460894468,36.59339275782023,,,,,stable_K2,0.5485211409016747,-0.03085305151161273
Cav1,2,303,9.334833658052451,1.4763723475078605,0.1217343645374999,1508.1925924738882,3.651798044730964,413,151,3.106799864965316e-16,2.777697630751873,1.681008897416775,12.127819068321235,113.2111736377354,,,,,stable_K2,0.9701065834491488,0.16919590225295184
Cbfb,2,303,2.9152277291723645,1.0228478718011644,0.0756159082972249,871.3461042886363,2.275055102581296,383,70,2.2482243145898993e-18,2.777697630751873,1.106518254675946,13.526887328796416,39.433957030297606,,,,,stable_K2,0.4646724862510792,0.009811045882020301
Cbx5,2,303,4.939065124932379,0.7535643221279225,0.0634079501114675,974.44105028767,2.49856679560941,390,73,5.417861615493978e-12,2.777697630751873,0.804581164464942,11.88438233381144,58.69773831629056,,,,,stable_K2,0.6936447526673789,-0.12287967161348808
Ccdc109b,2,303,5.970907755800939,0.5146702428387753,0.0553526913649768,931.3341612129178,2.277100638662391,409,85,1.0771316957008599e-14,2.777697630751873,0.5448279353936369,9.298016594084183,55.51759939518309,,,,,stable_K2,0.7760403618439655,-0.28847094102612925
Ccdc50,2,101,1.9913830458521091,1.2783139747325765,0.0977283086157769,818.9432976190017,1.982913553556905,413,70,2.1599550933856506e-18,2.7720772594232392,1.4167727824547471,13.080283418782193,26.047854635103324,,,,,stable_K2,0.29915480533105543,0.10663753672272026
Ccdc55,2,303,3.502371116081261,0.7738160916719673,0.0713174059044794,879.635838399072,2.188148851738985,402,70,4.1980786841902047e-17,2.777697630751873,0.8332406535794034,10.850311811795224,38.00181869010693,,,,,stable_K2,0.5443621626288789,-0.11136224327376125
Ccdc80,2,101,14.51624988547962,1.35935015207079,0.0850569975312056,1627.0824059041615,3.9396668423829575,413,207,1.7543129475514018e-11,2.7720772594232392,1.4857211306090654,15.981638095937647,231.9934521799316,,,,,stable_K2,1.1618544356204743,0.13333134012095058
Ccl2,2,101,58.94487450178668,0.6312247580393142,0.1092793198872974,1958.86491896024,4.743014331622858,413,574,-1.0032424191298154e-17,2.7720772594232392,0.7086674556152055,5.776250791918474,340.4803780204804,,,,,stable_K2,1.7704460473892574,-0.19981597546880406
Ccl8,2,101,44.54498475840445,0.2716301116676921,0.06384344103894,1170.6929256400128,2.8484012789294715,411,250,2.5951490233854094e-13,2.7720772594232392,0.2901545783849928,4.25462831024438,189.522353232512,,,,,stable_K2,1.6487988146723431,-0.5660220878295097
Ccm2,2,303,1.777257081893605,1.264447841110597,0.0799758782038482,790.1794058986524,1.9225776299237285,411,70,-3.912182629191744e-18,2.777697630751873,1.3743637923775642,15.810365193961132,28.09908350829159,,,,,stable_K2,0.24975025345094962,0.10190091925966338
Ccnd1,2,303,10.13877332169966,0.516938089882564,0.0543565306323504,1065.8357935414424,2.580716207122137,413,90,2.707130472266949e-08,2.777697630751873,0.5466522073358575,9.510137675617331,96.42113015123984,,,,,stable_K2,1.005985413395406,-0.28656146625298395
Ccnd3,2,101,2.9489845528452454,1.13908676617857,0.0842593167616341,925.984272719404,2.2751456332172086,407,70,3.215456934633e-17,2.7720772594232392,1.2438966478483595,13.518822724387809,39.86679938687292,,,,,stable_K2,0.4696724976682303,0.05655680628926587
Ccne1,2,202,14.271048557000416,0.4772957662053826,0.0652605413145485,1188.9234166112565,2.950182175214036,403,122,2.1682501639407612e-10,2.772897381189308,0.5106190412423759,7.313696095545246,104.37411211067057,,,,,stable_K2,1.1544558838216792,-0.32121241797357347
Ccng1,2,101,9.548426882403426,1.660041350184043,0.0937777941808939,1533.0057748857105,3.7118783895537777,413,179,4.395143953938256e-15,2.7720772594232392,1.831825946798096,17.701859642613083,169.02491248005907,,,,,stable_K2,0.9799318268123022,0.22011890607203863
Cct6a,2,202,4.574463824465663,1.573134093967102,0.0933387170885222,1236.4153636173176,2.9937418005261924,413,78,6.8026688037804e-11,2.772897381189308,1.7350846712186072,16.854035956752487,77.09817778040777,,,,,stable_K2,0.660340197479609,0.19676574346744974
Cd164,2,202,4.3484414465114325,1.9661255417703607,0.0999943512051624,1241.1787367739207,3.0052753917044086,413,92,3.81625595702456e-13,2.772897381189308,2.184570223979286,19.662366104425058,85.50064770496346,,,,,stable_K2,0.6383336265026209,0.29361124511229
Cd44,2,303,19.185014327709524,1.209576406601717,0.1258605653975092,1661.5468887899845,4.023115953486645,413,238,1.7924700760102431e-16,2.777697630751873,1.38373394303137,9.610447901465209,184.37658068531596,,,,,stable_K2,1.2829621278732906,0.0826333071066895
Cd81,2,101,19.84749501557669,2.0928298724504666,0.1483194116498102,1804.3861089324305,4.368973629376345,413,303,5.484295246020834e-15,2.7720772594232392,2.4572943202856554,14.110289740035824,280.05390528370395,,,,,stable_K2,1.2977057015493971,0.3207339256826903
Cdc16,2,101,3.4112839040045677,1.7981134625088635,0.1048462203003821,1110.4810363106117,2.6888160685486966,413,81,1.311760649168649e-15,2.7720772594232392,2.0087201811427837,17.150007481026098,58.50354447358224,,,,,stable_K2,0.5329178650572647,0.25481709261789187
Cdc42,2,101,6.571260307132241,2.0929594889570797,0.1082058939899955,1441.0808851282252,3.48929996399086,413,133,5.969408264007331e-14,2.7720772594232392,2.3469088602987465,19.34237971501432,127.10381206675342,,,,,stable_K2,0.8176486712252103,0.32076082227434527
Cdc42bpa,2,303,3.3475140208872176,0.7992105485072223,0.062450852614167,854.8539301447165,2.1371348253617914,400,74,1.806875863353994e-17,2.777697630751873,0.852446563186218,12.7974321414776,42.839583524949,,,,,stable_K2,0.524722404707556,-0.09733879263962385
Cdipt,2,101,3.077136582679272,1.2981973968057456,0.0837925347057563,1027.1268840426003,2.4869900340014537,413,70,2.300678048174487e-15,2.7720772594232392,1.4169251463027803,15.49299590189582,47.67406446502366,,,,,stable_K2,0.4881467733964603,0.11334073393234614
Cdk1,2,303,18.657860296209176,0.3143804849850518,0.0518129033168687,979.574809963354,2.4068177148976755,407,127,3.1456746342969747e-09,2.777697630751873,0.3315595477778502,6.067609897527184,113.20861779995828,,,,,stable_K2,1.2708618369007496,-0.5025444204136403
Cdk5rap3,2,101,4.305950567539362,0.5979272699112403,0.067545209656788,820.2301538110744,2.1415930908905336,383,70,5.887579447033995e-16,2.7720772594232392,0.6412399572650157,8.85225277927835,38.11736287893551,,,,,stable_K2,0.6340690398004946,-0.22335163908377806
Cdk7,2,303,4.531999415746483,1.0934940375825994,0.0857003720879915,1066.412963550325,2.6201792716224204,407,89,1.3787030778524686e-16,2.777697630751873,1.1959909029820108,12.759501632733537,57.82605394476468,,,,,stable_K2,0.6562898452032541,0.038816419333385636
Cdkn2b,2,202,14.02244818225298,0.6612036194225982,0.0710582444337269,1314.827799772857,3.222617156306021,408,133,1.087998138494219e-09,2.772897381189308,0.7117815680699329,9.30509365509692,130.48019360960754,,,,,stable_K2,1.1468238438177158,-0.17966477777003992
Cfl2,2,202,2.9352514595093147,1.578720208174321,0.0922558888769245,1023.4755832457278,2.49020823174143,411,70,5.296065116843871e-15,2.772897381189308,1.7391687688517232,17.112405802955717,50.22921410884143,,,,,stable_K2,0.467645312670293,0.19830516812549193
Chmp2b,2,202,3.549006241815562,0.821731301851815,0.0713653708441982,925.494109837002,2.251810486221416,411,81,-1.0923955684865113e-18,2.772897381189308,0.884881175063254,11.514426284504047,40.86477075463005,,,,,stable_K2,0.5501067631637866,-0.08527016932113833
Chmp4b,2,101,4.690098542783779,1.0828681032056129,0.0892286986782944,1051.2707890855072,2.702495601762229,389,71,1.3824761582348288e-11,2.7720772594232392,1.1889572076262849,12.135872418242812,56.91843754421046,,,,,stable_K2,0.6711819676911233,0.03457556139133166
Chmp5,2,202,2.63038571305225,1.1010370108202656,0.0867370235515084,886.3878872696578,2.2554399167166865,393,70,-3.267899722760686e-18,2.772897381189308,1.2056078470431288,12.693968108859751,33.39003235548558,,,,,stable_K2,0.42001943699460453,0.04180191781358286
Chst12,2,101,4.990309200652414,0.684976049850665,0.0745957454847449,970.9103270639622,2.3623122312991782,411,70,3.9173987617611253e-13,2.7720772594232392,0.7401911613313997,9.182508270404576,45.82355550686684,,,,,stable_K2,0.6981274554384042,-0.16432461332441725
Chsy1,2,303,2.0124327322786204,1.1895609039490436,0.0770913611362571,838.6913973051189,2.0759688052106906,404,70,-8.899231122546987e-18,2.777697630751873,1.288925960660196,15.43053445179834,31.052912607351917,,,,,stable_K2,0.30372137252390385,0.07538668224707677
Ckap4,2,202,5.176499411802517,1.6012186196416678,0.0931835629729137,1286.0209557454475,3.113852193088251,413,91,1.1399355678844588e-11,2.772897381189308,1.7657582662386608,17.18348782292328,88.95031460807807,,,,,stable_K2,0.7140361689989723,0.20445063162081112
Clic1,2,101,8.202304724098683,1.4496482670620832,0.0864206138165877,1403.130801542461,3.455987195917392,406,132,7.02118195928319e-12,2.7720772594232392,1.5867786521740197,16.774334305686626,137.588201519144,,,,,stable_K2,0.9139358997400842,0.16126264071473445
Clint1,2,101,2.582772100437181,0.8877831357155347,0.0792169479167272,796.4231745591774,2.006103714254855,397,70,2.6978661121826407e-18,2.7720772594232392,0.9641610297962416,11.206984856937074,28.945087818519056,,,,,stable_K2,0.41208608643303435,-0.05169310906875972
Cln5,2,101,3.535666422917047,1.468194517202646,0.0992736195649326,1075.2575739525207,2.603529234751866,413,70,2.168501386191649e-13,2.7720772594232392,1.6300116762356631,14.789372278728424,52.29028698192026,,,,,stable_K2,0.5484712841916553,0.16678359791750455
Clns1a,2,303,2.3053915958818645,1.159425530859545,0.0788306873481364,896.8567532991096,2.1821332197058627,411,70,6.3986975038963e-18,2.777697630751873,1.2586454139704122,14.707794259603824,33.907225280050184,,,,,stable_K2,0.3627447056414441,0.0642428594204164
Clpp,2,303,3.4203576134759324,1.1766936873404457,0.0798409934542585,1047.5192768334775,2.536366287732391,413,71,1.4287728016423046e-14,2.777697630751873,1.2787938595066632,14.737964001094014,50.409107378276126,,,,,stable_K2,0.5340715158338599,0.07066342358157313
Clptm1,2,202,2.7991939160705983,1.3473972282486284,0.0913558936197015,1011.6348285110096,2.4494790036586185,413,70,2.930773461913172e-17,2.772897381189308,1.482865754355861,14.748881269309296,41.28497871789818,,,,,stable_K2,0.44703298555521626,0.12949564962378138
Clptm1l,2,202,4.121557252199437,1.6750083652474532,0.0957207880209047,1194.0026903902694,2.8910476764897566,413,79,3.807766480496678e-12,2.772897381189308,1.8523132491142296,17.49889861836117,72.12271250600918,,,,,stable_K2,0.6150613369691422,0.2240169803112144
Cltc,2,101,4.080847621548559,1.5333957245492418,0.0861463594454668,1166.52764100475,2.824522133183414,413,96,1.4958477476079192e-16,2.7720772594232392,1.677944537835146,17.79989002924639,72.63863888967605,,,,,stable_K2,0.6107503785625064,0.185654248011607
Cmtm3,2,303,3.7142376265382606,1.0209209932481222,0.0720341246896438,1022.3811566737196,2.4754991687015,413,83,3.2270948978297585e-17,2.777697630751873,1.100170836461715,14.1727410119401,52.640927937729856,,,,,stable_K2,0.569869685239257,0.00899213432588111
Cnn3,2,303,4.866967851344482,1.6422661671981795,0.1196225511938208,1260.356154859241,3.0517098180611164,413,92,1.2634119664357371e-14,2.777697630751873,1.865411443040876,13.72873384498601,66.81730626321183,,,,,stable_K2,0.6872584775297598,0.21544354594877538
Cnot4,2,303,3.3585210783205173,0.6644126391182317,0.0615497325788319,723.7977452285454,1.9509373186753245,371,70,1.0148542259833363e-20,2.777697630751873,0.7079891840662125,10.794728283624346,36.25432247529503,,,,,stable_K2,0.5261480783067563,-0.17756211456035678
Cnpy2,2,202,3.112721720457861,1.286033284075124,0.0902804921319846,1018.4232972713314,2.502268543664205,407,70,7.090881754757227e-16,2.772897381189308,1.413659125645248,14.244863466129765,44.34029591597877,,,,,stable_K2,0.49314029618149047,0.10925220879279311
Cnpy4,2,202,2.608058000063122,1.308062022372859,0.0971423998916304,969.8608611336248,2.39471817563858,405,71,-1.3234579568723513e-17,2.772897381189308,1.4488021391367287,13.465407729602097,35.11856435330055,,,,,stable_K2,0.4163172453525491,0.11662833675253453
Col12a1,2,101,12.418663307244673,1.2022643613830752,0.0751062626967216,1521.445575753222,3.683887592622814,413,180,1.1866750100009348e-11,2.7720772594232392,1.2998945856077797,16.00751146729011,198.79189529913404,,,,,stable_K2,1.094074852722301,0.07999997354552893
Col4a1,2,101,21.47362649356683,0.8694213019122918,0.0790319596434622,1602.161151393579,3.8887406587222793,412,236,1.739509331494804e-11,2.7720772594232392,0.94402982928236,11.00088250164265,236.22884193988932,,,,,stable_K2,1.3319053948389545,-0.0607697232553415
Col4a2,2,202,7.823382343065031,1.192262168449045,0.0845550667741358,1333.6723479870766,3.2528593853343333,410,119,2.2363462817757718e-12,2.772897381189308,1.3023854577988938,14.10042252859696,110.31299663998183,,,,,stable_K2,0.8933945555337277,0.07637176361863715
Col6a1,2,101,11.670690384686296,1.0177809626122043,0.0702149030569974,1401.9068344221116,3.410965533873751,411,139,2.785636205907806e-09,2.7720772594232392,1.0946410799210693,14.495227057224788,169.169307040598,,,,,stable_K2,1.0670965476812897,0.007654323222486008
Col8a1,2,101,14.27283107658231,0.485333827744688,0.0611508006789507,1242.4983680889784,3.045339137472986,408,121,1.6675287531586975e-09,2.7720772594232392,0.5169454563050898,7.936671676512476,113.2787741491579,,,,,stable_K2,1.1545101258118533,-0.31395943732503334
Colec12,2,101,3.4668725401194407,1.1415710521762086,0.091662606610624,990.2795600553854,2.445134716186137,405,70,1.7910167614100276e-15,2.7720772594232392,1.2567698527928517,12.45405399636427,43.176617813160064,,,,,stable_K2,0.5399378750742373,0.05750294745808625
Commd3,2,101,4.2809211951235175,1.7615419084658763,0.100773017244399,1225.538949113714,2.967406656449671,413,99,2.4444225525836627e-16,2.7720772594232392,1.9589513462638637,17.480293402287533,74.83175852283048,,,,,stable_K2,0.631537233244725,0.24589297984707675
Commd7,2,101,3.10443301121794,0.88640245202267,0.0801870344339333,891.4717081630904,2.1796374282716147,409,70,-3.595898221870153e-18,2.7720772594232392,0.9636768399727488,11.054186730810992,34.31698219929696,,,,,stable_K2,0.49198229289120327,-0.05236905124104915
Commd8,2,303,2.544513034037465,0.849715913368835,0.0649310450793619,800.6460101714204,1.9480438203684196,411,72,2.0057403374229488e-18,2.777697630751873,0.9087200563095936,13.086435191829572,33.29860491469693,,,,,stable_K2,0.4056046798491445,-0.07072624826034137
Comt,2,303,4.488428860787622,1.334835892128073,0.0941812879916722,1171.707347959873,2.864810141711181,409,80,5.375785504201102e-13,2.777697630751873,1.4736236671116605,14.173047752820096,63.61471657907887,,,,,stable_K2,0.6520943462372495,0.12542787579485884
Copa,2,202,3.1413343805115685,1.4148490858799918,0.096921260265258,1061.28690699428,2.5822065863607784,411,71,1.0827021754367694e-15,2.772897381189308,1.566695154727671,14.597922911936717,45.85695712732436,,,,,stable_K2,0.4971141674974472,0.15071011854236313
Copb1,2,303,3.824911569569204,1.2959115586078165,0.0908554748716535,1071.137652288175,2.651330822495483,404,90,2.289265609155009e-17,2.777697630751873,1.4254186466391237,14.263439384786423,54.556394324718646,,,,,stable_K2,0.5826213988904009,0.11257536347961507
Cope,2,202,3.3018571194899358,1.5164410646565294,0.0952750029810204,1022.9644360938128,2.4950352099849087,410,70,8.123639807363222e-14,2.772897381189308,1.676134814062971,15.91646305126453,52.55388684291629,,,,,stable_K2,0.5187582762073143,0.18082553644567811
Cops3,2,202,2.524129904559329,1.0078612878884858,0.0855716826496795,841.9036258272799,2.068559277216904,407,70,3.984423398382838e-18,2.772897381189308,1.1021763748621654,11.777976740442885,29.729143305756097,,,,,stable_K2,0.40211170214955994,0.0034007642027950777
Cops5,2,202,6.355271896299128,1.5262517165639684,0.0931341523789424,1345.32784833403,3.2574524172736803,413,98,1.7018294303929788e-10,2.772897381189308,1.6829961350597988,16.387669588208475,104.1480959797772,,,,,stable_K2,0.8031341356195885,0.18362616540099136
Cops6,2,303,3.3100165337234237,1.4218889428213075,0.094727742088513,986.6770253435444,2.412413264898641,409,70,2.5606892504031627e-14,2.777697630751873,1.5706754850763724,15.010269552215265,49.684240393477815,,,,,stable_K2,0.5198301631071129,0.15286567698207135
Coq10b,2,303,2.976816991188189,0.8132571858278158,0.0691929128099102,806.1213447675068,2.000301103641456,403,70,-2.7096953247374802e-20,2.777697630751873,0.8737118539598443,11.753475215908766,34.98794472822649,,,,,stable_K2,0.4737521359029603,-0.08977209066328563
Coro1b,2,202,2.673505923094964,0.9436903352233436,0.0864636103007473,781.1474227253049,2.0830597939341464,375,70,1.1006361677611954e-17,2.772897381189308,1.0330079303507744,10.914306399430869,29.179462805351697,,,,,stable_K2,0.4270811506075242,-0.025170492742775198
Cox5a,2,202,5.485341704545672,1.9528954197607125,0.0947588024960098,1379.2867717721924,3.3396774134919918,413,119,2.3410812733563987e-14,2.772897381189308,2.157320529760914,20.60911881872869,113.0480589503095,,,,,stable_K2,0.739203686746882,0.2906789868429328
Cox6a1,2,202,15.884077923757062,2.734194965180665,0.1603012895652871,1818.5835596645304,4.403350023400799,413,300,6.54963445063709e-17,2.772897381189308,3.256161919988146,17.056599935006066,270.928362481986,,,,,stable_K2,1.2009620089493052,0.4368294792454181
Cox6c,2,101,5.938658136083056,2.132675680933234,0.1066419535997723,1399.2679018512133,3.3880578737317517,413,113,5.700260942060858e-12,2.7720772594232392,2.387257482626163,19.99846785381646,118.76406382926258,,,,,stable_K2,0.7736883254645955,0.3289248166823591
Cox7a2l,2,101,4.0007710982858775,1.3934595591107728,0.0926228892450446,1078.073805513687,2.610348197369702,413,70,1.1181733138976834e-11,2.7720772594232392,1.53570058423822,15.04444063955092,60.18936330059283,,,,,stable_K2,0.6021437041920062,0.1440943691670898
Cox8a,2,202,9.356731398720278,2.723776284308504,0.1256908720047387,1636.2860506323043,3.961951696446258,413,195,3.2861605458582824e-14,2.772897381189308,3.115346960352525,21.670438281355977,202.7644702911934,,,,,stable_K2,0.9711241624758498,0.43517143419513477
Cpe,2,303,8.35221380413327,0.9726711413522062,0.0801304181082657,1269.3197436116827,3.088369205867841,411,98,1.6408823799127414e-09,2.777697630751873,1.057401136530555,12.138600600311507,101.38418749678216,,,,,stable_K2,0.921801603087164,-0.01203396922518232
Cpsf2,2,101,2.8582484238351253,0.8424511407258759,0.0756551885817333,797.6928869779158,2.0194756632352298,395,70,5.412084881321723e-18,2.7720772594232392,0.9114035480258308,11.13540467638571,31.82775286504574,,,,,stable_K2,0.4560999726747056,-0.07445527731532246
Cryab,2,202,9.780669331549603,0.9995776193213312,0.0826299128580003,1390.002444790072,3.3656233530025954,413,138,2.1601206311102418e-13,2.772897381189308,1.0896121786959974,12.09704312576375,118.31717870259048,,,,,stable_K2,0.9903685763675477,-0.0001834763491692112
Cryzl1,2,303,2.612930012626156,1.1779001574324637,0.0779979640674369,912.0163145477102,2.24082632567005,407,74,5.834315094364564e-18,2.777697630751873,1.277546156653625,15.101678249114965,39.45962833813611,,,,,stable_K2,0.4171277772981918,0.07110847982816298
Cs,2,101,2.6294516985898206,1.3469929028329388,0.0839407447436681,912.876987211146,2.2319730738658823,409,70,-7.834892125769803e-18,2.7720772594232392,1.4704211491821266,16.046949630317,42.194678962622326,,,,,stable_K2,0.4198651975002746,0.12936530747605773
Csde1,2,202,4.097915778608183,1.6729963667937158,0.0962521301218041,1159.013367275184,2.806327765799477,413,70,2.6322023810458023e-10,2.772897381189308,1.8511760000266408,17.381395764193364,71.22749595632142,,,,,stable_K2,0.612563028427892,0.22349499781645657
Csgalnact1,2,202,5.141780370498027,0.9523654936452766,0.0821030076388101,1099.3128585759273,2.674727149819774,411,76,4.833069038779821e-12,2.772897381189308,1.0375516006381285,11.59964197456626,59.642811409629765,,,,,stable_K2,0.7111135219533048,-0.021196348452931134
Csk,2,101,2.8604381547170266,0.8772583586892463,0.0741219685064885,821.386223461165,2.0381792145438338,403,76,1.980921746861537e-17,2.7720772594232392,0.9474880371382848,11.835335412232778,33.85424498702421,,,,,stable_K2,0.4564325623602138,-0.056872485050064064
Csnk1a1,2,101,2.052852798547361,1.3216845997692226,0.0943444726639122,828.9871218856031,2.0418402016886774,406,70,-9.488085223507639e-18,2.7720772594232392,1.4593678941670576,14.009136544517265,28.75869516064437,,,,,stable_K2,0.31235780905369626,0.12112782964113265
Cstb,2,101,7.318967116472456,2.5671387656047537,0.1252799508349338,1516.2162983702513,3.671225904044192,413,140,4.209472005398813e-12,2.7720772594232392,2.934811849865711,20.49121785645622,149.9745496678763,,,,,stable_K2,0.8644497959125702,0.40944934491125246
Ctnna1,2,202,4.64895244506289,1.568568376387458,0.0973105523257059,1235.2478610175888,2.9909149177181327,413,85,1.963634899746365e-12,2.772897381189308,1.7376611418564234,16.119201246924774,74.93740004935172,,,,,stable_K2,0.6673551037325807,0.19550345503281985
Ctnnb1,2,202,3.780600333297373,1.7369284096565905,0.0980802574196665,1157.712534903027,2.8168188197153943,411,80,1.7336437495523966e-13,2.772897381189308,1.925812605772828,17.70925622905544,66.95162000201557,,,,,stable_K2,0.5775607682861332,0.23978191865905563
Ctsb,2,101,18.167014028790447,2.025287927659664,0.1269644798266005,1820.7243340513,4.408533496492251,413,307,7.80323182772319e-16,2.7720772594232392,2.319823055146036,15.951610485276383,289.79313146781686,,,,,stable_K2,1.259283551557604,0.30648677397278046
Ctsh,2,303,4.9409184067666905,1.1423255950272886,0.085011719648671,1143.0503335126582,2.781144363777757,411,74,6.78038392167917e-11,2.777697630751873,1.2484592639685708,13.437271940247673,66.39246426629929,,,,,stable_K2,0.6938076821056539,0.057789907736176926
Ctsk,2,202,3.6296685354286486,0.7266673701444625,0.0780345183713298,881.8324124223353,2.166664403986082,407,70,6.3667977270997776e-18,2.772897381189308,0.7881719919283641,9.312127316357508,33.79993551808847,,,,,stable_K2,0.559866966687062,-0.13866434067967645
Cttn,2,101,5.28168493023012,1.5009459905952245,0.093562229099646,1259.2918268266983,3.094083112596311,407,123,-1.7196637432555778e-17,2.7720772594232392,1.6558731760530594,16.04222136474197,84.72995882957333,,,,,stable_K2,0.7227724905582089,0.17636506505574542
Ctxn1,2,202,3.4151869455697166,0.704888236844972,0.0737868694984461,809.4110850411552,2.0285992106294617,399,70,-4.968932265786706e-19,2.772897381189308,0.7610432346853774,9.553030798519185,32.62538607372816,,,,,stable_K2,0.5334144817238968,-0.1518797368657255
Cul1,2,101,2.9574643839098167,1.050555509678299,0.0917908547501289,812.0226974335534,2.212595905813497,367,70,-1.488058289509702e-17,2.7720772594232392,1.156733022534435,11.445099977967285,33.84847555512527,,,,,stable_K2,0.4709195232189633,0.021419004776301796
Cuta,2,101,2.265749393794325,1.257418835867666,0.0868750836519636,913.0794686985942,2.2108461711830367,413,70,1.8321557690240982e-19,2.7720772594232392,1.377050185966454,14.47387194359547,32.794166582058125,,,,,stable_K2,0.3552118724686593,0.09947996170219091
Cwc15,2,303,3.538904332792859,1.2412524319470248,0.0866575267361628,1051.0163116446734,2.544833684369669,413,70,6.858646761724376e-14,2.777697630751873,1.359021909395496,14.323654028647017,50.69004130340482,,,,,stable_K2,0.5488688225126956,0.09386011240385128
Cxcl5,2,101,57.43488737026965,0.4881643380847367,0.0876295952524533,1784.613197223598,4.34212456745401,411,450,-8.647339487028176e-18,2.7720772594232392,0.5350506061403998,5.570770202445615,319.9565591431181,,,,,stable_K2,1.7591757737533584,-0.3114339503156226
Cyb5b,2,202,2.9448092819249583,1.12576829399569,0.0900148622342847,953.5395614583626,2.3088124974778754,413,70,7.643910542852949e-18,2.772897381189308,1.2371282203133411,12.50647133209641,36.82917286288591,,,,,stable_K2,0.46905717332017705,0.051449013078297856
Cyfip1,2,303,3.443761944721476,1.2361374092951267,0.0854891707959432,1051.7035207311358,2.5714022511763712,409,71,1.5563895404778523e-14,2.777697630751873,1.351692478448831,14.459578889187044,49.795347515280376,,,,,stable_K2,0.5370331225530663,0.09206674970239978
Cyp1b1,2,303,29.81047022423328,0.3382656619221628,0.0562726178479259,1277.737354902232,3.1394038203986043,407,319,2.849038251423289e-19,2.777697630751873,0.358435781688121,6.011194695727671,179.19654048905878,,,,,stable_K2,1.4743688265585997,-0.4707420861452604
Cyp51,2,101,5.917689448162693,0.682624801053586,0.0726292794121642,1041.694573967028,2.5469304986968897,409,77,2.4872366583065367e-12,2.7720772594232392,0.7360862122333215,9.398754972905005,55.61891312902658,,,,,stable_K2,0.7721521702723766,-0.1658179370285919
D17Wsu104e,2,101,6.263431893116775,1.2438893737663417,0.080587344234252,1283.9429103568125,3.139224719698808,409,102,4.006426859928728e-12,2.7720772594232392,1.3529173934748029,15.435294283313176,96.67791449374678,,,,,stable_K2,0.796812359382988,0.09478175776701941
D17Wsu92e,2,101,2.4806948238880384,0.884753118121149,0.0718561570291464,782.8964186356031,1.957241046589008,400,72,-7.350165067713332e-19,2.7720772594232392,0.95324999979441,12.312836571016083,30.54438994909894,,,,,stable_K2,0.3945733404699379,-0.05317789811071013
Dad1,2,303,9.824718614664777,2.008001168849529,0.1664191334332359,1539.1276949891694,3.726701440651742,413,156,1.950774881081781e-15,2.777697630751873,2.4088858674501523,12.065927321122,118.5443407550196,,,,,stable_K2,0.9923201207931788,0.3027639612741535
Ahcyl1,3,202,5.363151165756229,1.1565376991898229,0.0317954797313867,553.8278775966651,2.600130880735517,213,111,1.4591943895318723e-10,2.998627486015109,,,195.0807650034599,0.0248399928011537,0.0228922186087039,2.29537040478476,36.374280525421774,formal_K3,0.7294200381580267,0.06315979385827221
Akirin1,3,202,3.235982712991502,1.1924290422991906,0.0338231168902018,651.8391021296405,2.3033183820835355,283,74,4.5300577849286295e-11,2.998627486015109,,,114.08409756780888,0.0312191076733702,0.0208915708527745,2.060070794561778,35.2548538376906,formal_K3,0.5100061928931233,0.0764325449827683
Arl6ip4,3,303,4.684590272785387,1.5561233538419412,0.075241419464926,829.5195020580855,2.910594744063458,285,98,8.546907122447779e-13,2.997491296561934,,,96.88547050950164,0.0609485209467519,0.0280954027991933,2.458423897816909,20.68173839499841,formal_K3,0.6706716122889355,0.19204402052609912
Arpp19,3,303,14.628098666291647,1.4174106573120524,0.0461905320584053,1362.9388094582423,3.871985254142734,352,262,9.54274870024858e-11,2.997491296561934,,,448.88036621004926,0.0637373107220558,0.0180764296088265,1.9075089198794244,30.68617299146537,formal_K3,1.1651878809852234,0.1514956938371078
Ash2l,3,202,2.7799822640863185,1.3315236534921286,0.0427931306858593,823.5079343688465,2.326293599911996,354,72,7.151561996261427e-13,2.998627486015109,,,86.50014807499701,0.0417809880711916,0.0179495459176518,1.988661061138613,31.11535968860813,formal_K3,0.4440420251864165,0.12434888575045115
Atp1a1,3,202,5.869103434795236,1.6388327999944317,0.0670803310708318,1181.4393224849834,3.254653780950368,363,113,2.8014543685985507e-11,2.998627486015109,,,143.38747382367595,0.0959497552095016,0.0184498610876604,2.0944552933670675,24.4308991001244,formal_K3,0.7685717634179812,0.21453464744246495
Atrx,3,202,5.678021212926116,1.1743138028789804,0.0343517971929924,967.5157657786092,2.3771886137066565,407,112,6.134482039461337e-10,2.998627486015109,,,194.10276108462148,0.0216955271717192,0.026018005734463,2.6744630147341635,34.18493059567004,formal_K3,0.7541970107047289,0.06978416560683617
Bcap31,3,303,11.185193540091404,1.285405308143548,0.0400257799077802,1132.7755914321035,2.7427980422084834,413,222,5.257820412837925e-11,2.997491296561934,,,359.2061711769846,0.0191423609693521,0.0233081956442359,2.969397963287315,32.114435024255215,formal_K3,1.0486435031994363,0.10904008901820575
Bola1,3,101,3.641003274782074,0.913933693685856,0.0415795543631292,548.3984665572677,2.193593866229071,250,81,1.9545450764582413e-13,3.0005106168237634,,,80.03057326161891,0.0432258160069196,0.0299053200789532,1.6133096758048315,21.98036288951402,formal_K3,0.5612210695461779,-0.039085311389714904
Btf3,3,202,6.624810573959043,1.3752414100127512,0.0477883811206404,771.0553931805978,3.023746639923913,255,142,2.8875302483035786e-12,2.998627486015109,,,190.6470489510636,0.0267169083176091,0.0193031495737308,2.487748225082302,28.77773587979456,formal_K3,0.8211734648185891,0.13837894095449751
Capn2,3,202,6.379973408559696,1.954159056422225,0.0874478651842728,1391.1677453709492,3.504200869952013,397,131,6.092699874370427e-13,2.998627486015109,,,142.57046515427268,0.1715871098600216,0.0184109880117709,2.3711925301735244,22.34656103158564,formal_K3,0.8048188686051974,0.29095990969758256
Ccdc104,3,303,4.572233126687208,1.2888822707497771,0.0530148274160674,956.0209727712814,2.7872331567675843,343,94,5.144483019452198e-12,2.997491296561934,,,111.1589059504497,0.0644645484994747,0.0215513893633496,1.8160510576113775,24.311731897841657,formal_K3,0.6601283658729958,0.1102132497825864
Cct8,3,202,9.636279022317575,1.9744097971735208,0.0908247998887804,1418.7897792625265,3.865912205075003,367,199,1.1912695852897464e-14,2.998627486015109,,,209.47983076494256,0.1351058777068254,0.0198675110059253,2.49099354984261,21.738663884658,formal_K3,0.9839093666789892,0.2954372973611713
Cd248,3,202,7.97470709405153,1.2257298370833436,0.0469658440446769,1039.8525287829707,3.269976505606826,318,138,1.876764292558757e-10,2.998627486015109,,,208.1264933273787,0.063736739527047,0.0193472315437484,1.6765391326304793,26.09832447421471,formal_K3,0.9017147406604747,0.08839475795291728
Cdk4,3,202,9.37332575417656,2.133300958159256,0.0995720454761945,1607.440028509306,3.91104629807617,411,186,1.3093104121975712e-13,2.998627486015109,,,200.8206692640888,0.1872061417101639,0.0186600645779601,2.6053623184905077,21.42469754394349,formal_K3,0.9718937104630498,0.32905212842072046
Cib1,3,101,7.521979091007777,1.8548188784646436,0.0936831680266662,1315.8082893268893,3.435530781532348,383,139,2.9605621036032348e-12,3.0005106168237634,,,148.9265266674824,0.1388058076081161,0.0277278333967045,2.45536353543658,19.79884879572692,formal_K3,0.8763321218712028,0.26830150752315074
Commd1,3,202,3.3641524938953533,1.3120289247281776,0.037887558287258,694.6918616899345,2.387257256666442,291,91,1.3192203008635529e-13,2.998627486015109,,,116.49907195712746,0.0302522955178555,0.0210201160407205,2.3112290587035647,34.62954552997481,formal_K3,0.526875673735935,0.11794340951477031
Cox7b,3,303,10.855172267316894,1.4449324048642809,0.061712885504129,1301.118014706546,3.564706889606975,365,188,3.9370611835859107e-11,2.997491296561934,,,254.1606998489936,0.0677992369419376,0.0227197856927843,2.056017603493285,23.413787786144024,formal_K3,1.0356367199278407,0.1598475309118821
Cpt1c,3,202,3.057622082352522,1.2723823274806692,0.0405225629278237,875.0087098789752,2.4717760166072744,354,99,-1.2631687352561901e-17,2.998627486015109,,,96.00736035944824,0.0533760494864531,0.0182902072361143,1.7805376267681992,31.39935471867752,formal_K3,0.4853838062262493,0.10461762842422291
Crip1,3,303,9.218642895421556,0.9786052400882518,0.033159300641829,1144.6532267571438,3.0043391778402726,381,170,4.0844045610495365e-11,2.997491296561934,,,272.06280196940423,0.0289660242056848,0.020369576964775,1.7239479463824736,29.512240039640155,formal_K3,0.9646669919419056,-0.009392463075038745
