gene,state,n_cells,mmax_cdf,max_abs_cdf_difference,mean_abs_cdf_difference,total_variation_empirical_vs_fit,nll_recomputed,nll_per_cell_recomputed,fsp_boundary_mass_cdf
0610007P14Rik,2,409,70,0.04004493906726536,0.0034553391678434574,0.05277318213737755,828.4480686547026,2.025545400133747,5.020889690209172e-19
1810009A15Rik,2,411,83,0.023105758690706413,0.0036097715230255603,0.08682584080583877,1205.178657462497,2.932308169008509,1.1549636641736673e-12
1810013L24Rik,2,392,78,0.0454692254069482,0.004224449069208625,0.06989497957323657,935.6886191772769,2.386960763207339,1.6548183773105165e-17
1810037I17Rik,2,405,100,0.030868708467850392,0.0042876383669313515,0.10572933675155376,1245.5428229933364,3.0754143777613243,1.7507687675024565e-12
1810043H04Rik,2,403,70,0.025894994274837546,0.0020740633518666314,0.07388808531167053,819.0625305237555,2.032413227106093,-3.6189406726118934e-19
1810055G02Rik,2,404,70,0.03354319771749298,0.0022171112968993596,0.0849077349468185,895.4286952755695,2.2164076615731916,-3.7347095204056475e-18
1810058I24Rik,2,413,79,0.03959937058769525,0.005319690222092847,0.09872482027601309,1224.9659960742404,2.966019360954577,5.0726489902434834e-11
2310022B05Rik,2,413,148,0.05425113896531053,0.0056879495688579515,0.1390901406613829,1469.2882663758478,3.557598707931835,5.5664616791040835e-12
2410006H16Rik,2,413,85,0.017609815231073078,0.0025996898228242108,0.07432976344874781,1218.1522884671047,2.9495212795813672,6.616324443499263e-13
2610203C20Rik,2,383,75,0.04186318147325341,0.003437482369493272,0.050855723597680785,758.6535368306182,1.980818634022502,5.6014370019368305e-18
4833439L19Rik,2,413,70,0.03770547539803515,0.002669694701568189,0.08805452372857454,847.4417571130629,2.05191708744083,8.974036805944322e-18
9030624J02Rik,2,405,70,0.025936048059424954,0.00217517359471778,0.05869617164653306,929.2700628963493,2.294493982460122,3.240766339588196e-18
AI413582,2,411,73,0.03574697808812277,0.002714745862438817,0.07341928561655592,1076.6673381987634,2.619628560094315,4.738510087222114e-13
Aasdhppt,2,389,70,0.023993158179086427,0.0015100324453446211,0.0498984830067541,817.3036423499065,2.10103764100233,6.511319892439319e-17
Abcc1,2,397,72,0.026208715378727487,0.003972130015077246,0.07777736007929084,903.8357576024515,2.2766643768323718,3.694915911127822e-17
Abhd4,2,413,73,0.06259507984914192,0.005128970696983947,0.09757784971420562,990.5446156884336,2.398413113047055,-1.9100634132494397e-18
Abi3bp,2,409,168,0.062080868948807155,0.011907116048132561,0.14913875824401604,1374.304672788556,3.3601581241773983,3.295372696547433e-07
Acadl,2,408,70,0.04461793438739459,0.0038431202493508666,0.0556103590588391,849.1856561043003,2.0813373924125007,6.309390376644308e-18
Acads,2,413,70,0.012317553912413293,0.0007452783245472836,0.02919718775545668,823.595567615718,1.9941781298201404,7.116246981064315e-18
Acat1,2,407,94,0.019803282042128778,0.002386674682349674,0.06271547523254885,1050.9106546877538,2.5820900606578716,-1.0019345742389664e-17
Acly,2,386,77,0.022438300926920784,0.002455678970862115,0.06613262091149398,893.1910596961518,2.313966475896766,1.0452577776948974e-17
Aco2,2,404,70,0.04877966697415581,0.0036231597629586784,0.09715491378802663,820.8266939286365,2.031749242397615,2.0406118098501768e-18
Acot7,2,410,91,0.05105170622502969,0.004258487774951286,0.11061141954631858,985.7921413216754,2.4043710763943302,1.1027406013114061e-13
Actn1,2,413,400,0.060600305913493635,0.0074421065870872985,0.23689140500202632,1969.0081415926065,4.767574192718175,3.289633234339117e-17
Actr1b,2,407,70,0.044645035256812515,0.0033179414613085504,0.09832489651371924,920.846350170706,2.2625217448911696,-6.789956154935326e-18
Actr2,2,413,70,0.09937191201885764,0.009686422199050455,0.15992597138915993,992.5190967981753,2.4031939389786325,2.88812459931781e-16
Adam12,2,393,71,0.021658435601060955,0.001893568983930519,0.08522563372867382,861.1886578130902,2.191319739982418,8.367028425079753e-18
Adam19,2,411,85,0.04966533901235948,0.00612788193661183,0.10487575049308613,1115.5442846320993,2.714219670637711,6.392901742374362e-16
Adam9,2,413,86,0.019899005478500542,0.0030484550493567165,0.09429537051877296,1206.1793230011401,2.9205310484289106,3.580618968218337e-13
Add1,2,401,76,0.040487497466741296,0.0036679341062468445,0.05874027306678466,889.5094307909046,2.218228006959862,-1.0146880832049687e-17
Adh5,2,413,70,0.02675593901854434,0.0027376225664914313,0.08026468195363735,1039.9897219564252,2.5181349199913443,1.3802793423564858e-13
Adipor1,2,413,74,0.06395101676927101,0.004382719961686002,0.12617071756221737,1146.5131933530836,2.776061000854924,3.1346154957125316e-13
Adipor2,2,391,97,0.042491996844316926,0.003391943043291988,0.0734949531007108,848.3465448060481,2.16968425781598,-1.1933905711894492e-17
Adra1d,2,391,70,0.05128472134703066,0.0027937666485365153,0.0746628425225091,791.704961339218,2.024820872990327,8.033908819576124e-18
Adss,2,406,70,0.03633130662493855,0.003220604066911403,0.10279757744120749,838.0817761028273,2.0642408278394764,-1.9619840062419562e-19
Aebp1,2,413,355,0.059915247587359,0.011012162126842952,0.22598140033868241,1868.6848635183715,4.524660686485161,1.027149076073023e-17
Aebp2,2,405,72,0.03631692867635489,0.0037033177378146646,0.0743412621159342,885.6356755338028,2.1867547544044514,2.8521003504449857e-18
Afg3l2,2,407,72,0.043254095288611794,0.004930758817617691,0.0765283613604662,918.1712870235654,2.2559491081660084,9.671470981306654e-16
Ahnak,2,413,285,0.09087298732675153,0.012637083870917365,0.17878943034122818,1780.3657219776014,4.310812886144314,8.8628278135102e-15
Aimp1,2,399,70,0.04037928798189183,0.0026514221185334878,0.08526390176565608,820.4978322108417,2.0563855443880743,-5.774526592718309e-18
Ak2,2,413,100,0.03943645194854073,0.006646449903416752,0.11557901051032664,1265.1974155606945,3.063431998936306,7.547867190497007e-11
Akap12,2,411,134,0.03025929594834431,0.005183074155943472,0.10875402969832258,1265.3183183993592,3.0786333781006308,7.285268929248005e-15
Akt1,2,398,108,0.06816808372686295,0.006157828353133611,0.13000970398620398,1189.610443518609,2.9889709636145954,1.277406130784538e-14
Aldh2,2,401,72,0.04669650755376553,0.0031672001004480832,0.07271436546688523,927.4518579637925,2.3128475260942456,1.88774862663682e-17
Alg5,2,402,70,0.022267265421696436,0.002519535757146944,0.04276147684931307,979.3661069787272,2.436234096962008,7.914978938512151e-15
Amfr,2,409,70,0.0236359327949186,0.0026245927137900807,0.0622821774162241,897.8048193987208,2.195121807820833,1.6146524087242348e-18
Anapc16,2,413,70,0.037007143111432605,0.002650955548213852,0.07031366453262074,1077.6124751853688,2.6092311747829755,4.232807179611523e-14
Anapc4,2,391,70,0.03777258651459636,0.0030267769382936864,0.0597073164921757,775.8819273657917,1.9843527554112321,5.622549262389558e-18
Anp32b,2,393,70,0.06822070246008957,0.002758829272219335,0.12160866777007898,801.5671400863027,2.0396110434765973,-8.752947492206609e-18
Anxa1,2,413,400,0.08165681478355236,0.009286321907402875,0.2573981619865553,2025.2092421005004,4.903654339226393,-5.800324772416509e-18
Anxa2,2,411,400,0.07647601155446726,0.011791868155401695,0.24137463289347652,1947.0488405368865,4.737345110795344,7.209761916602768e-17
Anxa3,2,413,240,0.032141164205928496,0.0051610218568507666,0.15253014977206467,1718.4074239132958,4.160792793978924,1.08238123341183e-15
Anxa4,2,404,82,0.03076475615167462,0.0038451526444919747,0.06951644355325898,1004.4853440987696,2.4863498616306177,7.189762525680129e-16
Anxa5,2,413,209,0.037436117720340834,0.005496962869912328,0.15148981277545276,1643.639683754136,3.9797571035209107,8.843204484275914e-13
Ap2b1,2,411,78,0.04586235938358563,0.0043819069099086784,0.0767025661175403,1083.4031311131996,2.6360173506403886,2.460377694730392e-15
Ap2s1,2,411,82,0.05457786782540908,0.006374812172147866,0.12887081762333402,1218.861906183298,2.9656007449715283,8.785493311418439e-12
App,2,413,134,0.054285862436940335,0.007836717678225587,0.13160710034286618,1435.90824678646,3.476775415947845,8.428438631746428e-11
Aprt,2,413,108,0.08660709482667595,0.009516332487049051,0.1317107234214537,1380.3031073340196,3.3421382744165125,2.8874647938508418e-11
Arcn1,2,401,70,0.019593359110120723,0.0027902380801184995,0.05604284812948511,988.5764114118539,2.4652778339447727,1.8514578924566157e-15
Arf4,2,413,116,0.10637603402842744,0.013149415033412463,0.16443806970323205,1397.0424551224366,3.3826693828630425,1.6492445266857172e-11
Arf6,2,383,72,0.01767334678439314,0.0023128607046220416,0.04401375732067168,912.8442914291443,2.3834054606505073,2.5424804297717583e-17
Arfgap1,2,394,70,0.027080655595246028,0.0013374353223858202,0.07231016549384381,785.0291316096786,1.9924597248976614,-7.427049997020874e-18
Arfip1,2,399,70,0.03301903344111501,0.0026418885397217037,0.05676859442408608,782.3192924424957,1.9606999810588863,-7.301821900463569e-18
Arhgap1,2,413,70,0.022975851128621105,0.0029894437265079754,0.0750130219891063,1113.2679844696602,2.695564127045182,7.021913561410982e-13
Arhgef25,2,400,82,0.02298324493370907,0.0022273659618074703,0.08492419452111098,948.3951377684938,2.3709878444212347,1.9957830206393374e-14
Arid5b,2,395,70,0.028925246619514233,0.0020213157375068356,0.06438651293066562,851.3002086612244,2.155190401673986,-1.4285633455477641e-18
Arl2,2,409,71,0.013802700289054226,0.00123414671874572,0.06161161833386085,1015.8073575449123,2.4836365710144555,1.0402018111974736e-16
Arl4c,2,366,70,0.08855705843320028,0.008220695322368897,0.11083548669829288,720.0672376074325,1.9673968240640232,2.6985606848527202e-11
Arl6ip1,2,405,87,0.08287419589832312,0.009314363182000983,0.11113722142264604,1050.9978050264913,2.595056308707386,9.649329152726209e-11
Arl8b,2,395,70,0.046941139743044036,0.0074101921198134755,0.07231745800836833,967.8055578678541,2.4501406528300103,2.8381175647294112e-14
Arpc3,2,413,70,0.05527728060191406,0.008541585541210733,0.11118090886285105,1105.129066975193,2.6758573050246803,3.8502201138755915e-12
Arpc5,2,413,209,0.042495065781410046,0.007105333795543582,0.15079005276515955,1637.8789005825315,3.965808475986759,5.531333107316123e-11
Arpc5l,2,398,70,0.04345540869486608,0.0028218642318679444,0.07573942122342915,823.4964289713982,2.069086504953262,-1.46023224894007e-17
Asns,2,413,129,0.05394283848153936,0.0042990068294691906,0.1354250210644531,1416.4377536396275,3.429631364744861,1.0451121495768636e-10
Atic,2,409,70,0.04937595425512842,0.0037718484225562226,0.08356325123678507,892.4680742766514,2.1820735312387565,-1.8028424507599573e-18
Atox1,2,413,89,0.039329376122013954,0.006061166163511776,0.11111348761784424,1311.7523219489867,3.1761557432178855,2.309026572982703e-10
Atp13a3,2,407,70,0.025441111470980715,0.001895035421885293,0.07110854871141514,828.0369783550921,2.0344888903073515,-4.960929053977321e-18
Atp1b3,2,413,76,0.017053709765526004,0.0025270464926143523,0.08913449736794737,1208.47001950382,2.9260775290649392,5.5157389646971825e-11
Atp5c1,2,413,193,0.06822639753826332,0.008213984243555149,0.15807104828014792,1604.4584237643207,3.8848872246109463,1.3702321892832691e-11
Atp5j2,2,413,128,0.10836815545416312,0.0160442329223051,0.14749844887714905,1460.9094199243782,3.5373109441268236,4.347590072952191e-11
Atp5o,2,413,100,0.05123381298329266,0.006672415858436556,0.11528341155531482,1340.4968221966524,3.2457550174253083,3.1326912582371836e-11
Atp6v0a2,2,371,70,0.04514975988209957,0.002712180153516409,0.07068917289813538,731.5063163991392,1.9717151385421543,1.1039063883715105e-17
Atp6v0b,2,409,84,0.04186679433663945,0.00510370079584534,0.12339883541641833,1190.0545503860849,2.909668827349841,2.321190827878052e-12
Atp6v0d1,2,413,70,0.05101363978901541,0.0028025024152770095,0.11916970768216056,909.3197581319218,2.2017427557673654,-1.6106064224119782e-18
Atp6v0e,2,413,189,0.07620281502473258,0.009959597521351856,0.15302284562750784,1609.2170093915165,3.8964092237082726,8.886842131654346e-20
Atp6v1a,2,413,85,0.03228223725416157,0.003434359869027268,0.07582860287230414,1178.4022829894968,2.853274292952777,1.6281879807727367e-13
Atp6v1f,2,413,70,0.12209327275990212,0.012517160494584624,0.19294801445009416,914.1508551448507,2.213440327227241,7.795642522611421e-18
Atxn10,2,390,75,0.028165803890898955,0.002989990229418492,0.07324388226939667,913.6233510063341,2.3426239769393185,-9.074981822228335e-18
Aurkaip1,2,409,75,0.0353353690380237,0.004368345116682261,0.09475083491151813,1110.2304707176113,2.7144999284049174,7.729612818791363e-15
Avpi1,2,407,70,0.040382487976983295,0.005653763554710625,0.07290467587613647,1048.0915612678996,2.5751635411987706,2.432889924227207e-14
Axl,2,413,175,0.036741752482597145,0.007234691405624604,0.1379047035659739,1553.909765078685,3.762493377914492,1.0806848427261845e-16
B2m,2,413,93,0.07416550764318464,0.0117432982825715,0.13538394673652987,1286.687701509431,3.1154665896112133,3.1839343670605776e-10
BC004004,2,409,72,0.02006111326714985,0.0028285721618452066,0.06980540628149923,1099.1970782624073,2.687523418734492,1.9909135410809393e-12
BC031181,2,405,72,0.06164098250286265,0.0061691405714116064,0.1127378456549615,1078.3573958276233,2.6626108538953663,1.569564991587233e-13
Bad,2,401,70,0.07399924317847573,0.004347665444919636,0.10074419149972239,821.8645568816924,2.0495375483333973,-1.3113928922691099e-17
Bag2,2,407,87,0.05157183647406127,0.004646120390858663,0.09251434107374445,1072.8112959664275,2.635899990089502,1.5185035342940681e-13
Bag3,2,389,74,0.032918445080925895,0.003422110364184719,0.09604112036580831,903.4237714568816,2.322426147704066,1.171705094890866e-12
Bak1,2,409,78,0.030678825892900857,0.0030985643257873145,0.08062447228301156,952.6598152255282,2.3292416020184064,-6.54120241675729e-18
Bax,2,413,191,0.04782545221423329,0.0045691638137259,0.14426701558771493,1610.3371761189087,3.899121491813338,2.5558009792017105e-14
Baz1b,2,374,70,0.038570891089948045,0.00267835145476719,0.05397580210118732,748.5371924794354,2.001436343527902,5.5497969809470495e-18
Bbip1,2,399,70,0.03465031407404817,0.00325523578050315,0.07458180566509712,959.8071348367408,2.4055316662574957,2.0341363646566323e-15
Bccip,2,407,70,0.029333095232621453,0.0014948930998618436,0.07010350079079426,895.9709297772919,2.201402775865582,6.298421532878617e-18
Bckdk,2,411,70,0.064897584393519,0.004184418130395758,0.08458398719911844,992.5142280996386,2.414876467395714,-1.1842129413480919e-17
Bclaf1,2,371,70,0.03833691791077953,0.0036243291788467026,0.09870978418088443,880.6294763050262,2.3736643566173212,6.854218123228947e-16
Bicc1,2,410,70,0.017816082082871776,0.0013940660085050766,0.06494396447007407,922.7898259103143,2.2507068924641813,1.8584623449896764e-15
Bid,2,411,70,0.029499583651301953,0.0021453444589008648,0.08238606705386534,917.0038144162666,2.2311528331296024,4.34143483062034e-17
Blvrb,2,407,72,0.06576885059645077,0.00323549803243278,0.11386980876763365,1005.136100370425,2.4696218682320024,1.2528378620399546e-10
Bmp1,2,407,138,0.038593399163467434,0.0054775034080529,0.08515658367307559,1282.5278459914202,3.1511740687749885,-3.675408945991735e-17
Bms1,2,375,70,0.04667440974676107,0.00442302863373523,0.054406809818374265,740.0973142736256,1.9735928380630015,1.621392378995418e-18
Bop1,2,370,70,0.04094099089961478,0.0016053180899258206,0.09085149691542456,733.3660833767333,1.9820704956127926,1.729119203627521e-17
Bsg,2,413,400,0.06493196297235726,0.005810989173414521,0.2458033283609819,1980.1642206189445,4.794586490602771,2.103925812856435e-20
Btg1,2,407,81,0.0548562906728598,0.005127380588565684,0.10431045500930652,879.6420144649501,2.161282590822973,7.115236618775832e-18
Bub3,2,405,97,0.04448441421697316,0.004973193439664178,0.07389629237100445,1095.0466078537975,2.7038187848241915,1.0074890571317977e-17
Bud31,2,409,70,0.05551881923934032,0.005054387226112277,0.08311519922164162,1034.5012716971498,2.5293429625847184,2.5226791390965038e-14
Bysl,2,407,70,0.02902175517301775,0.0019136905678001903,0.045189580716342846,849.902316284589,2.0882120793233145,-6.163482205408838e-18
Cald1,2,413,327,0.12203464236675476,0.01901932973773367,0.2258659296820522,1853.4503758832814,4.487773307223441,1.1823926761561418e-16
Calm1,2,413,160,0.057343733374660394,0.008469383650784593,0.14482940924855225,1545.2658740120032,3.7415638595932283,1.9926150454894468e-13
Calr,2,413,273,0.11085347994748523,0.015366758744699872,0.1907302826083332,1745.4685763226564,4.226316165430161,6.482445934606993e-14
Calu,2,413,165,0.03776278648136744,0.0038041726912992633,0.13413094751884405,1553.3465651808124,3.761129697774364,4.666918846378926e-12
Cant1,2,410,70,0.01826226144441645,0.0011220914250428431,0.038447912943156776,793.8499588967832,1.9362194119433735,2.4074266287622883e-18
Canx,2,413,137,0.06215044885721288,0.007241668112691475,0.15934036693383227,1466.35891135866,3.5505058386408233,3.1588172941825633e-12
Capg,2,411,132,0.03452782209364025,0.0040617771713523385,0.1628010598388019,1441.1377535948016,3.506417891958155,6.36385214996905e-11
Capns1,2,413,127,0.04360262839763385,0.005704073948233855,0.11935861976824289,1358.0960247393339,3.288368098642455,3.2211443360732664e-14
Capza2,2,411,70,0.08001787099183155,0.008140183359455929,0.11035795981783268,925.0539931943844,2.250739642808721,-9.377437914465543e-18
Cast,2,383,75,0.0812434759537014,0.004526596236566514,0.1329883140084882,827.2957365807292,2.1600410876781444,7.171089508036705e-18
Cat,2,409,70,0.05168764428901107,0.004558293579512244,0.07402472048921213,920.0781155279869,2.2495797445672054,3.840073500644249e-17
Cav1,2,413,151,0.03880404594342812,0.005734863905349686,0.10386618577898268,1508.192592473888,3.6517980447309637,3.2280152141012817e-16
Cbfb,2,383,70,0.023388455832899613,0.0026191402594070313,0.06943653368244479,871.3461042886363,2.275055102581296,2.248224314589899e-18
Cbx5,2,390,73,0.029496592780457576,0.0045115262834169775,0.1121893650435348,974.4410502876702,2.498566795609411,5.417860323518126e-12
Ccdc109b,2,409,85,0.03468661955921437,0.0029228159253912537,0.0802643521228113,931.3341612129175,2.27710063866239,1.0774984930502809e-14
Ccdc50,2,413,70,0.057320126380670855,0.004479012267454382,0.07185912853461404,818.9432976190016,1.9829135535569045,2.1599550933856506e-18
Ccdc55,2,402,70,0.022573545189870536,0.0016729970531064856,0.05509923924764688,879.6358383990721,2.188148851738985,4.198078684190205e-17
Ccdc80,2,413,207,0.03581710325809795,0.004582780606841293,0.1436896724584168,1627.0824059041647,3.9396668423829655,1.7543282005632486e-11
Ccl2,2,413,400,0.06414214743411217,0.014287503417279008,0.22152047154782645,1958.86491896007,4.743014331622446,5.130055561938374e-13
Ccl8,2,411,250,0.11082686719340662,0.012082472033325506,0.17121124588206332,1170.6929256400126,2.848401278929471,2.595149023385409e-13
Ccm2,2,411,70,0.07236912693101849,0.004371210815553044,0.14624867906772845,790.1794058986522,1.922577629923728,-3.9121826291917435e-18
Ccnd1,2,413,90,0.06513800349308208,0.009854466522384229,0.12077626203372274,1065.8357935414422,2.580716207122136,2.7071304688944292e-08
Ccnd3,2,407,70,0.05532076865583335,0.005012336801364849,0.07183644933646517,925.9842727194039,2.2751456332172086,2.4075589500784876e-17
Ccne1,2,403,122,0.019659340057247926,0.0023831657826320655,0.08247782341696769,1188.9234166112565,2.950182175214036,2.168249764842891e-10
Ccng1,2,413,179,0.07755619040929776,0.010471411068915998,0.17683668234905345,1533.0057748857105,3.7118783895537786,4.3951439539382555e-15
Cct6a,2,413,78,0.016612251746120243,0.0024791027348772888,0.08536312645075028,1236.4153636173178,2.9937418005261933,6.802668803780396e-11
Cd164,2,413,92,0.06806130967843715,0.008689125654678458,0.1326509390294935,1241.1787367739205,3.005275391704408,3.81625595702456e-13
Cd44,2,413,238,0.0970250793294204,0.013396590165600526,0.18300145836434864,1661.5468887900088,4.0231159534867045,1.4794518045084976e-16
Cd81,2,413,303,0.1461775998865178,0.02261524322189678,0.24062854111581186,1804.3861089324305,4.368973629376345,5.484295246020834e-15
Cdc16,2,413,81,0.08437459663763291,0.009296038220192237,0.15392371955849404,1110.4810363106117,2.6888160685486966,1.3163740394955264e-15
Cdc42,2,413,133,0.06935437472088324,0.008511462305405375,0.14297809269565837,1441.0808851282168,3.4892999639908395,5.972551204323603e-14
Cdc42bpa,2,400,74,0.030334584142882703,0.002710530623356702,0.08934183729357134,854.8539301447165,2.1371348253617914,1.806875863353994e-17
Cdipt,2,413,70,0.034797338838833486,0.003551881792995022,0.07748673047619373,1027.1268840426,2.486990034001453,2.300678048174487e-15
Cdk1,2,407,127,0.11616246810045727,0.008435662974663506,0.16064100814806068,979.5748099633538,2.406817714897675,3.1456746374952768e-09
Cdk5rap3,2,383,70,0.027486062390530752,0.0019612965936153365,0.07040162037181949,820.2301538110743,2.141593090890533,5.887579447033995e-16
Cdk7,2,407,89,0.0647964906463,0.0076703142113360295,0.09830597140482435,1066.4129635503232,2.6201792716224155,1.4093315345823432e-16
Cdkn2b,2,408,133,0.03549571698367804,0.0030711125514968946,0.11562306390329366,1314.8277997728567,3.222617156306021,1.0879981384942192e-09
Cfl2,2,411,70,0.05774094969298771,0.006384942341265966,0.09694940402104875,1023.4755832457279,2.4902082317414305,5.296065116843871e-15
Chmp2b,2,411,81,0.023271297810817243,0.0029037163127315023,0.0638657686769332,925.4941098369707,2.25181048622134,1.3966837196517566e-17
Chmp4b,2,389,71,0.02988048587329381,0.002523343887258579,0.07097920426402755,1051.2707890855072,2.7024956017622292,1.3824769421192854e-11
Chmp5,2,393,70,0.055142531784765025,0.003588037292210587,0.08411822782060012,886.3878872696578,2.2554399167166865,-3.267899722760686e-18
Chst12,2,411,70,0.02109611506854603,0.0022140645244847585,0.06541341253405858,970.9103270639621,2.362312231299178,3.9173987617611253e-13
Chsy1,2,404,70,0.05796898112519305,0.0024414038142342143,0.09473276547011542,838.6913973051186,2.0759688052106897,3.3390252147945784e-19
Ckap4,2,413,91,0.030635371846557347,0.004394253138033864,0.10371546444357174,1286.0209557454475,3.113852193088251,1.1399355678844588e-11
Clic1,2,406,132,0.0438290776491681,0.0072892574311306385,0.11928932959278025,1403.130801542461,3.455987195917392,7.021181959283196e-12
Clint1,2,397,70,0.02497728447822134,0.0021922725694005314,0.06268293221537768,796.4231745591774,2.006103714254855,2.6978661121826403e-18
Cln5,2,413,70,0.04872432400030524,0.006322035852497161,0.08473181073682555,1075.25757395252,2.6035292347518646,2.168249198152874e-13
Clns1a,2,411,70,0.03851848340888653,0.002388876443952601,0.07762902893943296,896.8567532991096,2.1821332197058627,6.398697503896299e-18
Clpp,2,413,71,0.030458731773188807,0.0035080423735242006,0.0756706221322845,1047.5192768334773,2.5363662877323905,1.4287728016423046e-14
Clptm1,2,413,70,0.023929857286723588,0.002028831950883696,0.07021242339167288,1011.6348285110092,2.449479003658618,3.271274285681368e-17
Clptm1l,2,413,79,0.04020780771405996,0.005521307467916946,0.09910944412429279,1194.0026903902694,2.8910476764897566,3.807766480496678e-12
Cltc,2,413,96,0.05995273556468894,0.0069279449863315,0.1096397965349908,1166.52764100475,2.824522133183414,1.4958477476079197e-16
Cmtm3,2,413,83,0.053158666369106544,0.002586877259150364,0.10666189673666318,1022.381156673726,2.4754991687015155,2.1164917510379392e-17
Cnn3,2,413,92,0.058798498605144245,0.006603685426680467,0.11589729781374038,1260.356154859241,3.0517098180611164,1.2634119664357373e-14
Cnot4,2,371,70,0.036739086011919664,0.0027049680711331995,0.055182727424062245,723.7977452285454,1.9509373186753245,1.0148542259833363e-20
Cnpy2,2,407,70,0.03684198081398893,0.0024061926424695833,0.07985810687004627,1018.4232972713316,2.5022685436642056,7.358422718246491e-16
Cnpy4,2,405,71,0.02920155517734435,0.0029733006612485393,0.07485804541880203,969.8608611336246,2.3947181756385794,-1.3234579568723512e-17
Col12a1,2,413,180,0.054215874605339165,0.006460207971553903,0.15508794183585595,1521.4455757533615,3.6838875926231514,1.1866716957225232e-11
Col4a1,2,412,236,0.06221379127327764,0.009610279096867982,0.14284911338542117,1602.1611513935788,3.888740658722279,1.7395107625047035e-11
Col4a2,2,410,119,0.0645292717400775,0.007205455878216773,0.12851013516222226,1333.6723479870766,3.2528593853343333,2.2363462817757718e-12
Col6a1,2,411,139,0.07177322448413215,0.010139851530103166,0.1488184108283252,1401.9068344221118,3.4109655338737515,2.7856362059078053e-09
Col8a1,2,408,121,0.05817350863342163,0.005757761907156451,0.11735411886820309,1242.4983680889784,3.045339137472986,1.6675287531586975e-09
Colec12,2,405,70,0.027123477757040382,0.003177615003666855,0.09492404705580347,990.2795600553854,2.445134716186137,1.7910167614100276e-15
Commd3,2,413,99,0.04469646888354614,0.005927351642346656,0.11181112439592149,1225.5389491136928,2.967406656449619,2.5430691733002123e-16
Commd7,2,409,70,0.018745030204812774,0.0016414824692319112,0.06759447347468206,891.4717081630902,2.179637428271614,-3.595898221870153e-18
Commd8,2,411,72,0.045371017528879454,0.004168267509319027,0.10125680199147463,800.646010171419,1.948043820368416,3.538409879106282e-18
Comt,2,409,80,0.03150480034507552,0.003017177459595354,0.070173998235314,1171.7073479598732,2.8648101417111813,5.375774891595791e-13
Copa,2,411,71,0.028059805870048846,0.0027597952824050154,0.06986769053710057,1061.28690699428,2.5822065863607784,1.0728127608345433e-15
Copb1,2,404,90,0.03184719057462859,0.004567729071061925,0.09777134000455365,1071.1376522881765,2.651330822495486,2.2510673086136333e-17
Cope,2,410,70,0.08841437944559394,0.011705898116021655,0.13287445697750241,1022.9644360938128,2.495035209984909,8.123639807363222e-14
Cops3,2,407,70,0.030846899786740267,0.0015589293951307934,0.04982200101785249,841.9036258272799,2.068559277216904,3.984423398382838e-18
Cops5,2,413,98,0.03522334208464384,0.004125083349458971,0.11051096432267403,1345.3278483340303,3.257452417273681,1.7018294692304062e-10
Cops6,2,409,70,0.08706160999025436,0.012993594412957417,0.1488791288166013,986.6770253435444,2.4124132648986416,2.5606892504031627e-14
Coq10b,2,403,70,0.027692418838600463,0.002779577335694785,0.07314328627085599,806.1213447675068,2.000301103641456,-2.7096953247374805e-20
Coro1b,2,375,70,0.02206100813348938,0.001937324376855272,0.09458718174470317,781.1474227253049,2.0830597939341464,1.1006361677611954e-17
Cox5a,2,413,119,0.0439173871515125,0.008411141594130691,0.13107523138766117,1379.2867717721924,3.3396774134919913,2.341081273356398e-14
Cox6a1,2,413,300,0.06607541373448486,0.00808907739274159,0.20563597725174249,1818.5835596645306,4.403350023400801,-6.852890805031685e-18
Cox6c,2,413,113,0.07162093814880449,0.007337972821424956,0.13967103439769393,1399.2679018512133,3.3880578737317513,5.700260942060859e-12
Cox7a2l,2,413,70,0.07270594098023331,0.011942240623944835,0.12672213725270326,1078.0738055136865,2.6103481973697007,1.1181718628952908e-11
Cox8a,2,413,195,0.0473194743177911,0.004999135370554435,0.16292665092662062,1636.286050632304,3.9619516964462567,3.2861605458582824e-14
Cpe,2,411,98,0.045876799614952835,0.005899911705825607,0.09360289067202868,1269.319743611683,3.0883692058678416,1.6408823799127416e-09
Cpsf2,2,395,70,0.02638158848025496,0.0022560624655858954,0.06479235915143905,797.6928869779158,2.0194756632352298,6.9275276810921505e-18
Cryab,2,413,138,0.04138758906967133,0.00532995982885974,0.11529260012791723,1390.0024447899864,3.3656233530023885,2.1603379196196735e-13
Cryzl1,2,407,74,0.030788776663776662,0.0030351283904477477,0.05657756389678834,912.0163145477102,2.24082632567005,5.834315094364564e-18
Cs,2,409,70,0.08941910703131795,0.009246837990376884,0.14108532312321198,912.8769872111459,2.2319730738658823,-7.834892125769803e-18
Csde1,2,413,70,0.06917497976689746,0.009747595421466491,0.13165491300946364,1159.013367275184,2.806327765799477,2.6322023810458023e-10
Csgalnact1,2,411,76,0.022203583534224358,0.0026103486982218403,0.08676279845384785,1099.3128585759275,2.674727149819775,4.8330888967870986e-12
Csk,2,403,76,0.05827415114386747,0.004526707595516839,0.09053478109778929,821.3862234611872,2.038179214543889,9.621376424550883e-18
Csnk1a1,2,406,70,0.08161972933590556,0.0059219057071662395,0.14397569434349217,828.9871218856033,2.0418402016886783,3.54357748333845e-18
Cstb,2,413,140,0.08335890728635195,0.008068357295689792,0.1776169896955686,1516.2162983702515,3.6712259040441926,4.209472005398813e-12
Ctnna1,2,413,85,0.03207413782342483,0.004348689867725947,0.10211128902452168,1235.247861017589,2.990914917718133,1.9636348997463655e-12
Ctnnb1,2,411,80,0.05712536238108834,0.0067041392987247615,0.09297258288130017,1157.7125349030268,2.816818819715394,1.7336437495523966e-13
Ctsb,2,413,307,0.04595938738058025,0.005967338029063275,0.1990117087238484,1820.7243340512998,4.408533496492251,7.809609930253733e-16
Ctsh,2,411,74,0.02280474295262258,0.002431778087170391,0.07849714626054666,1143.0503335126584,2.7811443637777575,6.78038392167917e-11
Ctsk,2,407,70,0.023540193635294582,0.0017025404370704733,0.04840164245762859,881.8324124223352,2.1666644039860814,6.3667977270997776e-18
Cttn,2,407,123,0.028335562823735172,0.0038483483129001348,0.08872480946139483,1259.2918268266985,3.094083112596311,-1.7196637432555778e-17
Ctxn1,2,399,70,0.05089140090198341,0.0038526005444810833,0.10573729102208516,809.4110850411552,2.0285992106294617,1.654840560618346e-18
Cul1,2,367,70,0.03603534098039035,0.003003486382627328,0.06924269429149393,812.0226974335536,2.2125959058134974,-9.844194916981295e-18
Cuta,2,413,70,0.04586398113837559,0.002068160276925213,0.09025641931383661,913.0794686985942,2.2108461711830367,1.832155769024098e-19
Cwc15,2,413,70,0.030018324978459687,0.0024541780498658398,0.06651550468746269,1051.0163116446731,2.5448336843696686,6.858646761724376e-14
Cxcl5,2,411,400,0.061238497104013245,0.00836070161395442,0.2127404993495634,1784.6131972235926,4.342124567453997,1.944322905432456e-15
Cyb5b,2,413,70,0.037334308898129054,0.0031178802571827104,0.09752490569612542,953.5395614583626,2.3088124974778754,1.1356777437386084e-17
Cyfip1,2,409,71,0.02900965802121358,0.0024773526900015845,0.07153404018263562,1051.703520731136,2.5714022511763717,1.554826993289617e-14
Cyp1b1,2,407,319,0.038347370568588945,0.005223686913180144,0.1246496202200665,1273.864626744753,3.1298885178003757,1.375004237736399e-17
Cyp51,2,409,77,0.02939165342273864,0.004472060043644599,0.10214745247029845,1041.6945739670277,2.5469304986968893,2.4872366583065367e-12
D17Wsu104e,2,409,102,0.022506792160641553,0.004415054205910409,0.11350996156497847,1283.9429103568127,3.1392247196988086,4.006426859928728e-12
D17Wsu92e,2,400,72,0.0375981610843642,0.003938406058929038,0.06583022317319101,782.8964186356029,1.9572410465890073,-7.350165067713331e-19
Dad1,2,413,156,0.09023976029066216,0.009741255229577063,0.17692530630799558,1539.1276949891692,3.7267014406517416,1.954072689127612e-15
Ahcyl1,3,213,111,0.053510523235264174,0.004921910903110732,0.13397573699518095,553.8278775966651,2.6001308807355166,1.4591944106463137e-10
Akirin1,3,283,74,0.03389470757349433,0.003609733842963064,0.08973150871898358,651.8391021296407,2.303318382083536,4.53005786200063e-11
Arl6ip4,3,285,98,0.030339135417995766,0.0030566654569318436,0.08595397960101385,829.5195020580857,2.9105947440634585,8.546937397607315e-13
Arpp19,3,352,262,0.029755367435945423,0.003185837988643862,0.13942095404213536,1362.9388094582423,3.871985254142734,9.542751692057666e-11
Ash2l,3,354,72,0.027757565093092462,0.0037422905473813856,0.06841082630156967,823.5079343688462,2.326293599911995,7.151407195100014e-13
Atp1a1,3,363,113,0.03354870235257068,0.0031676843375525016,0.1242399471826411,1181.4393224849832,3.254653780950367,2.801453478871794e-11
Atrx,3,407,112,0.03774759288121732,0.004974985575568163,0.0786402673951088,967.5157657786092,2.3771886137066565,6.134482042453306e-10
Bcap31,3,413,222,0.04251186593893175,0.006865811684310255,0.1271034202461194,1132.775591432104,2.7427980422084843,5.2578203404024044e-11
Bola1,3,250,81,0.03068947032858682,0.0034521724576034533,0.07549768030013422,548.3984665572677,2.193593866229071,1.954560293298512e-13
Btf3,3,255,142,0.06905047460848429,0.008462514733823564,0.16329476038841292,771.0553931806953,3.0237466399242954,2.8874745437201322e-12
Capn2,3,397,131,0.024206187311882732,0.002544977097726504,0.13524431555765273,1391.1677453709501,3.5042008699520153,6.092139743581443e-13
Ccdc104,3,343,94,0.022980590544854018,0.0032083649417152613,0.0773819472370837,956.0209727712801,2.7872331567675803,5.144496717692352e-12
Cct8,3,367,199,0.029543483920819402,0.004032875590822322,0.13977064231584269,1418.7897792625265,3.8659122050750043,1.191426107124281e-14
Cd248,3,318,138,0.024639264406145,0.0035493211286390454,0.12622264529641533,1039.852528782971,3.269976505606827,1.8767643040095865e-10
Cdk4,3,411,186,0.07157681565680424,0.00792118238903771,0.16454565331058288,1607.4400285093031,3.9110462980761636,1.3095824739393232e-13
Cib1,3,383,139,0.07183063852296945,0.011551600595059228,0.16262119736603875,1315.8082893268893,3.435530781532348,2.9605691120423196e-12
Commd1,3,291,91,0.019772432560392628,0.002306223047581073,0.08343761130105935,694.6918616899338,2.387257256666439,1.3192442927435258e-13
Cox7b,3,365,188,0.04773662132813883,0.004377444205841985,0.14307159539551947,1301.118014706546,3.564706889606976,3.937062944220534e-11
Cpt1c,3,354,99,0.03428612278854759,0.003433987974227059,0.07748380592001683,875.0087098776061,2.471776016603407,4.4039723198747066e-18
Crip1,3,381,170,0.03759334187361729,0.005605761657787773,0.11220114653005837,1144.6532267571438,3.0043391778402726,4.084404545992736e-11
