gene,state,seed,BS,BF,Pon,nll,nll_per_cell,n_cells,mmax,boundary_mass,train_best_mean_nll,kon,koff,ksyn,k01,k10,k12,k21,analysis_role
0610007P14Rik,2,202,2.333417635064733,1.0984649525046257,0.09788768965054663,828.448068654703,2.025545400133748,409,70,1.1795384984428811e-17,2.772897381189308,1.2176587547941904,11.221686367571671,26.184880865257245,,,,,stable_K2
1810009A15Rik,2,202,4.395219231461248,1.597201663341472,0.0975423570301648,1205.178657462497,2.932308169008509,411,83,1.1549636641736675e-12,2.772897381189308,1.769835599248018,16.374441954970806,71.96926218493361,,,,,stable_K2
1810013L24Rik,2,303,3.825936568916841,0.8242666995550703,0.07078512021354115,935.6886191772784,2.386960763207343,392,78,9.691605259171463e-18,2.777697630751873,0.887057146291602,11.644632333299175,44.55162467556075,,,,,stable_K2
1810037I17Rik,2,202,6.618847780914777,1.0982189735994154,0.0850595172157266,1245.5428229933311,3.0754143777613114,405,100,1.7508206742419334e-12,2.772897381189308,1.2003173914191705,12.911182775868923,85.45715346504511,,,,,stable_K2
1810043H04Rik,2,101,1.954318797203134,1.2444029023089849,0.09170070007955196,819.0625305237556,2.0324132271060935,403,70,-3.6189406726118934e-19,2.7720772594232392,1.3700361790634146,13.570266107340988,26.520626136625093,,,,,stable_K2
1810055G02Rik,2,101,2.6903721162074157,1.117098783885489,0.0821570919719827,895.4286952755695,2.2164076615731916,404,70,-3.7347095204056475e-18,2.7720772594232392,1.2170914805950537,13.597107164728316,36.581277977069135,,,,,stable_K2
1810058I24Rik,2,101,4.652558101142926,1.6626011944059296,0.10305754422063719,1224.9659960742404,2.966019360954577,413,79,5.072648990243484e-11,2.7720772594232392,1.8536319511838448,16.132746098106566,75.05853855242763,,,,,stable_K2
2310022B05Rik,2,101,8.98769668094563,1.4961394783516078,0.08323684298416122,1469.2882663758476,3.5575987079318345,413,148,5.5664616791040835e-12,2.7720772594232392,1.6319803723588766,17.974486113514683,161.54922918413922,,,,,stable_K2
2410006H16Rik,2,101,4.5323284211552615,1.4807950960143843,0.0917200341765811,1218.1522884671049,2.9495212795813677,413,85,6.616324443499264e-13,2.7720772594232392,1.6303289203037088,16.144729003954907,73.1732141164745,,,,,stable_K2
2610203C20Rik,2,303,3.314351309797486,0.7131190554525311,0.06789133007825833,758.6535368306181,1.9808186340225016,383,75,5.60143700193683e-18,2.777697630751873,0.7650599961830667,10.503830969735294,34.81338593243357,,,,,stable_K2
4833439L19Rik,2,101,2.482177374948679,0.9853528343544528,0.07947946215243479,847.4417571130625,2.0519170874408292,413,70,-1.3344992215152304e-18,2.7720772594232392,1.0704300380505183,12.397578036759114,30.772987707004134,,,,,stable_K2
9030624J02Rik,2,303,2.800125684709023,1.1639437906125751,0.08163197909731196,929.2700628963491,2.2944939824601214,405,70,3.240766339588196e-18,2.777697630751873,1.2674045307767838,14.258429153421105,39.92539369609836,,,,,stable_K2
AI413582,2,303,4.4032671203524965,1.0094857785860767,0.08294839593959978,1076.6673381987634,2.619628560094315,411,73,4.738675768516124e-13,2.777697630751873,1.1007949543039985,12.170045811629079,53.58796257552993,,,,,stable_K2
Aasdhppt,2,303,3.56315016310614,0.7300706341369265,0.06755343693647305,817.3036423499065,2.10103764100233,389,70,6.511319892439319e-17,2.777697630751873,0.7829624378026554,10.80730555313539,38.50805254439226,,,,,stable_K2
Abcc1,2,202,3.4192059859858945,0.8539842552664231,0.07251048453716545,903.8357576024516,2.2766643768323718,397,72,3.694915911127822e-17,2.772897381189308,0.9207481497408292,11.77738999701086,40.26932237706993,,,,,stable_K2
Abhd4,2,202,2.820880693525203,1.1538005067144348,0.09038665609052346,990.5446156884315,2.3984131130470496,413,73,3.8471946936655196e-18,2.772897381189308,1.2684516057729025,12.765164202544323,36.00900524863632,,,,,stable_K2
Abi3bp,2,303,27.931474052756936,0.43965230440318,0.06649107505787893,1374.3046727885567,3.3601581241774,409,168,3.295372696880345e-07,2.777697630751873,0.4709674355073135,6.612200269291373,184.68850025334442,,,,,stable_K2
Acadl,2,303,3.381742807721219,0.8027787378610455,0.0731965013189251,849.1856561043003,2.0813373924125007,408,70,6.309390376644308e-18,2.777697630751873,0.8661800899580894,10.967446850543462,37.089084505890085,,,,,stable_K2
Acads,2,202,2.9771320432581025,0.7565416645647508,0.0783249286789463,823.5955676157178,1.9941781298201398,413,70,-3.8777323132313714e-18,2.772897381189308,0.8208333805539362,9.659015045718245,28.756163198919914,,,,,stable_K2
Acat1,2,303,3.8820582370741854,1.100881336209246,0.08462042182826542,1050.9106546877642,2.5820900606578974,407,94,-1.0237775383688912e-17,2.777697630751873,1.2026500945192697,13.009641318539527,50.50418524201704,,,,,stable_K2
Acly,2,303,3.4828420621596523,0.8715198557695136,0.07544541514989411,893.1910596961609,2.3139664758967897,386,77,-1.4094346774160698e-17,2.777697630751873,0.9426375360096337,11.551660946367486,40.23261063181565,,,,,stable_K2
Aco2,2,303,2.548343864814768,0.9893701765574419,0.07176387976449723,820.8266939286364,2.031749242397615,404,70,-6.315019442641243e-19,2.777697630751873,1.0658604583351365,13.786464441501664,35.13265207698772,,,,,stable_K2
Acot7,2,303,7.126036039486311,0.5131920282502038,0.057649608351991156,985.7921413216754,2.4043710763943302,410,91,1.1027406013114064e-13,2.777697630751873,0.5445872711452044,8.901916993378476,63.435381315330645,,,,,stable_K2
Actn1,2,101,32.822026220316516,1.5548604382865379,0.15295580258241148,1969.0081415926068,4.767574192718176,413,433,5.566509587883046e-18,2.7720772594232392,1.8356308242555606,10.165423030935948,333.64978126198906,,,,,stable_K2
Actr1b,2,202,2.9180993193972147,0.9733669648133392,0.08528085587185834,920.8463501707059,2.262521744891169,407,70,-6.789956154935326e-18,2.772897381189308,1.0641156589557303,11.413663182225855,33.30620276388232,,,,,stable_K2
Actr2,2,202,2.490118203931171,1.8637511170611623,0.09458692805507325,992.5190967981761,2.4031939389786348,413,70,3.1149196121659613e-16,2.772897381189308,2.0584539530201615,19.70410875354777,49.06555989944884,,,,,stable_K2
Adam12,2,101,3.121223639519962,0.8762560250929402,0.07287195763327536,861.1886578130898,2.1913197399824167,393,71,1.1094289057459171e-17,2.7720772594232392,0.9451294589861384,12.024598399052989,37.531460778858076,,,,,stable_K2
Adam19,2,303,4.169401013550589,1.2512265958040774,0.09075716983548546,1115.5442846320982,2.7142196706377084,411,85,6.453713163525808e-16,2.777697630751873,1.3761192877129267,13.786531665455879,57.481579099299026,,,,,stable_K2
Adam9,2,101,4.841982839030275,1.3535821374740578,0.09434334308514698,1206.1793230011401,2.9205310484289106,413,86,3.580618968218336e-13,2.7720772594232392,1.494586416540101,14.347404842887745,69.46988803388233,,,,,stable_K2
Add1,2,303,2.550628066319785,1.2323960638499825,0.08145899157285992,889.5094307909121,2.2182280069598805,401,76,-1.5457077078078995e-17,2.777697630751873,1.3416886699051909,15.129036587049841,38.58854533530821,,,,,stable_K2
Adh5,2,303,3.651061834477887,1.170780420488435,0.08243527885208492,1039.9897219564252,2.5181349199913443,413,70,1.3802793423564858e-13,2.777697630751873,1.2759649466729013,14.202419604708162,51.85391217599049,,,,,stable_K2
Adipor1,2,303,3.9022598304016216,1.5186589266206112,0.10610166793641274,1146.5131933530834,2.7760610008549236,413,74,3.1344340854296124e-13,2.777697630751873,1.6989168366773302,14.313242724240219,55.85399212559088,,,,,stable_K2
Adipor2,2,303,3.7208210584344488,0.6567415715928815,0.061059945064518076,848.3465448060479,2.1696842578159794,391,97,-1.193390571189449e-17,2.777697630751873,0.6994499469276647,10.755685595506929,40.01998146166225,,,,,stable_K2
Adra1d,2,202,3.7302726345355643,0.6696928200237813,0.07676922162830041,791.7049613392181,2.0248208729903276,391,70,8.033908819576124e-18,2.772897381189308,0.7253796512340255,8.723454606147836,32.54086399592649,,,,,stable_K2
Adss,2,303,2.195992906036778,1.122893615320635,0.07201213372431221,838.0817761028275,2.0642408278394764,406,70,-1.9619840062419562e-19,2.777697630751873,1.210030492992507,15.593116843606758,34.24237397156303,,,,,stable_K2
Aebp1,2,202,31.765270114329564,1.2226633165794778,0.13761986924920555,1868.6848635183717,4.524660686485161,413,355,1.0271490760730225e-17,2.772897381189308,1.417777698003105,8.884351680101135,282.21383090911024,,,,,stable_K2
Aebp2,2,101,3.1914474138967424,0.7810821899446333,0.0617336737286393,885.6356755338026,2.1867547544044506,405,72,6.062603289027662e-18,2.7720772594232392,0.8324738595795377,12.652449510424585,40.379627269503644,,,,,stable_K2
Afg3l2,2,303,3.611956366386237,0.8972235973572666,0.07158938173891347,918.1712870235664,2.2559491081660106,407,72,9.409695543277407e-16,2.777697630751873,0.9664081600421232,12.532914456915439,45.26834016202983,,,,,stable_K2
Ahnak,2,101,17.76535492892933,1.8937758973860332,0.12276886390495972,1780.3657219776014,4.310812886144314,413,285,8.862827813510202e-15,2.7720772594232392,2.1588106252316823,15.425538993763766,274.0401751942527,,,,,stable_K2
Aimp1,2,303,2.6126570341246325,0.9631414233393873,0.07946548438298588,820.497832210842,2.056385544388075,399,70,2.4217397337184693e-18,2.777697630751873,1.046284964875885,12.120248568516908,31.666052677874706,,,,,stable_K2
Ak2,2,303,7.60846992297926,1.0578042062376378,0.08617814585978956,1265.1974155606945,3.063431998936306,413,100,7.547866467090606e-11,2.777697630751873,1.1575606355276942,12.27462247747437,93.39109593578891,,,,,stable_K2
Akap12,2,101,7.53466868730434,0.9994729571628607,0.06321482051895741,1265.3183183993592,3.0786333781006308,411,134,7.285268929248008e-15,2.7720772594232392,1.0669179861668452,15.810737876937102,119.12867160453467,,,,,stable_K2
Akt1,2,303,6.5093211948100365,0.9698657779684875,0.07494154888464208,1189.610443518546,2.988970963614437,398,108,1.2800038012617361e-14,2.777697630751873,1.0484372925830845,12.941629742152875,84.24122477597966,,,,,stable_K2
Aldh2,2,303,3.2448510033154934,0.9213914979512438,0.07394364029752011,927.4518579637925,2.3128475260942456,401,72,1.88774862663682e-17,2.777697630751873,0.9949626589112408,12.460726767629062,40.433201753981386,,,,,stable_K2
Alg5,2,101,3.197461122293576,1.197470248580116,0.07658414897558657,979.3661069787272,2.436234096962008,402,70,7.914978938512151e-15,2.7720772594232392,1.2967832935201122,15.636006466061856,49.99552278316375,,,,,stable_K2
Amfr,2,101,3.2269817751478365,0.8765237132304771,0.07897119766711876,897.804819398721,2.1951218078208337,409,70,1.0458946144370077e-18,2.7720772594232392,0.9516789388239794,11.099283525181173,35.81718565295828,,,,,stable_K2
Anapc16,2,101,3.414311305054253,1.4196661699309836,0.09777110812790085,1077.6124751853688,2.6092311747829755,413,70,4.232807179611523e-14,2.7720772594232392,1.5735099847946754,14.520303565280496,49.576836615756775,,,,,stable_K2
Anapc4,2,202,2.395944881803225,0.8301937466578785,0.07767847136763184,775.8819273657946,1.9843527554112392,391,70,9.146140098097152e-19,2.772897381189308,0.900113161067488,10.687565448202362,25.606817734557442,,,,,stable_K2
Anp32b,2,101,2.2095872559719325,1.0717498407259447,0.07820807618307635,801.5671400863026,2.039611043476597,393,70,-8.752947492206609e-18,2.7720772594232392,1.16268087518936,13.703825653722747,30.279798522527017,,,,,stable_K2
Anxa1,2,202,35.966744176344974,1.587310819257567,0.18063635227635816,2025.2092421005004,4.903654339226393,413,487,-1.389186429379659e-17,2.772897381189308,1.9372482824536306,8.787327684900973,316.051566836547,,,,,stable_K2
Anxa2,2,101,35.721928960799524,1.4073125187408275,0.15179205042896074,1947.0488405368867,4.737345110795345,411,437,3.3400721733559967e-18,2.7720772594232392,1.659159784404923,9.27131898385848,331.18939811430465,,,,,stable_K2
Anxa3,2,101,12.729332992714669,1.962327116371161,0.10749875392557004,1718.4074239132958,4.160792793978924,413,240,1.0779082990736262e-15,2.7720772594232392,2.1986827749566116,18.25441732775653,232.36655675299357,,,,,stable_K2
Anxa4,2,101,4.152029327196581,1.0088315680466968,0.07655667588703462,1004.4853440987703,2.4863498616306194,404,82,7.139104574999696e-16,2.7720772594232392,1.0924672274995901,13.177578001627277,54.71369032417696,,,,,stable_K2
Anxa5,2,101,12.500951469723846,1.7289995033411114,0.09500171792121917,1643.6396837541392,3.9797571035209183,413,209,8.841639083944512e-13,2.7720772594232392,1.9105003153924225,18.199665660518857,227.51313718734582,,,,,stable_K2
Ap2b1,2,303,3.6788931554319686,1.3848469015136184,0.0950826645757306,1083.4031311131998,2.636017350640389,411,78,2.4418727710819553e-15,2.777697630751873,1.5303573567461106,14.564662314555013,53.58183650019437,,,,,stable_K2
Ap2s1,2,202,4.345599364117879,1.7128965617157397,0.0938852611182756,1218.861906183298,2.9656007449715283,411,82,8.785493311418437e-12,2.772897381189308,1.890374903105207,18.244573656325585,79.28360767953026,,,,,stable_K2
App,2,101,9.273496309457963,1.3706756796436934,0.08672384638199386,1435.9082467864605,3.4767754159478463,413,134,8.428448269620538e-11,2.7720772594232392,1.5008337557196338,15.805060970269437,146.56817457855172,,,,,stable_K2
Aprt,2,101,6.031716961307275,2.0845942865058134,0.10906120477905912,1380.3031073340198,3.342138274416513,413,108,2.8874647938508435e-11,2.7720772594232392,2.339772718044972,19.11398549767421,115.2901505245028,,,,,stable_K2
Arcn1,2,101,3.2230714964448066,1.259248032938213,0.08963794287796738,988.5764114118538,2.4652778339447723,401,70,1.8514578924566157e-15,2.7720772594232392,1.3832387049600123,14.04815854210919,45.27821937460976,,,,,stable_K2
Arf4,2,101,6.405232783032454,2.1346254645572738,0.11020644727444144,1397.04245512244,3.382669382863051,413,116,1.6492416930754713e-11,2.7720772594232392,2.399012060739961,19.36933380350721,124.06509186372307,,,,,stable_K2
Arf6,2,303,3.0406834804117997,1.1334447297793817,0.08153194412438577,912.8442914291443,2.3834054606505073,383,72,2.366215794720474e-17,2.777697630751873,1.2340600443624807,13.901848434402467,42.271120881676225,,,,,stable_K2
Arfgap1,2,202,2.9317857904967086,0.7560152367871247,0.07871550225028344,785.0291316096792,1.992459724897663,394,70,1.0865700333746981e-17,2.772897381189308,0.8206099621058748,9.604400850842598,28.158045940734826,,,,,stable_K2
Arfip1,2,303,2.3052528757801953,0.9903356275207409,0.07331110321692365,782.3192924424957,1.9606999810588863,399,70,-5.8837270908366334e-18,2.777697630751873,1.0686818747463243,13.508671729988711,31.1409043535271,,,,,stable_K2
Arhgap1,2,202,3.9211205955388606,1.2693665039129531,0.09512748046749851,1113.26798446966,2.6955641270451816,413,70,7.02194935341178e-13,2.772897381189308,1.4028125249828185,13.343846569621363,52.3228316078529,,,,,stable_K2
Arhgef25,2,303,5.0965071614796,0.6964440051476223,0.06244706712947809,948.395137768494,2.370987844421235,400,82,1.9958150093377982e-14,2.777697630751873,0.7428316639310248,11.152549465671646,56.839048220551035,,,,,stable_K2
Arid5b,2,202,3.0602568301039765,0.8375875688335788,0.08267285444859733,851.3002086612245,2.155190401673986,395,70,-6.8522095568758594e-18,2.772897381189308,0.9130740029829897,10.13134933370853,31.0045309966509,,,,,stable_K2
Arl2,2,202,3.441644436979507,1.147375031440491,0.09963414451916063,1015.8073575449121,2.483636571014455,409,71,1.2209796959216712e-16,2.772897381189308,1.2743431178070792,11.515881799134025,39.63357053090317,,,,,stable_K2
Arl4c,2,101,6.248627110636085,0.4690092483926566,0.05722385357091145,720.0672376074325,1.9673968240640232,366,70,2.6985606848527202e-11,2.7720772594232392,0.4974767872194287,8.196044466167649,51.21402565127403,,,,,stable_K2
Arl6ip1,2,303,7.0334024768661365,0.709131788648216,0.06329915159806003,1050.9978050264913,2.595056308707386,405,87,9.649334000129545e-11,2.777697630751873,0.7570525743176507,11.202864031276357,78.79425162557368,,,,,stable_K2
Arl8b,2,101,3.4714828433812706,1.2585865499873308,0.08925797251959072,967.8055578678541,2.4501406528300103,395,70,2.8376366618332495e-14,2.7720772594232392,1.3819352923343642,14.100550510612269,48.9498191798215,,,,,stable_K2
Arpc3,2,202,3.451882395881935,1.7248301413093132,0.09514983462448084,1105.1290669751927,2.6758573050246794,413,70,3.85020199662049e-12,2.772897381189308,1.9062052561967502,18.12751591336488,62.574053062413874,,,,,stable_K2
Arpc5,2,101,15.027383003415594,1.4254294780009955,0.08915009520720953,1637.8789005825313,3.9658084759867585,413,209,5.531330622507555e-11,2.7720772594232392,1.564944422237456,15.989096530832663,240.27427744740598,,,,,stable_K2
Arpc5l,2,202,2.1661516609937026,1.2286044247783037,0.09348276476142074,823.4964289713982,2.069086504953262,398,70,-1.46023224894007e-17,2.772897381189308,1.3553017824917104,13.142576900820702,28.46881478345023,,,,,stable_K2
Asns,2,101,8.942644333544415,1.2672887900577756,0.07884700216173628,1416.4377536396278,3.4296313647448615,413,129,1.0451121495768633e-10,2.7720772594232392,1.375763627792358,16.072758067050255,143.73295885273726,,,,,stable_K2
Atic,2,202,2.854652576949973,1.0196022378170024,0.09572572540814338,892.4680742766514,2.1820735312387565,409,70,-7.849909553707372e-18,2.772897381189308,1.1275364858490518,10.651287660341563,30.40572576742949,,,,,stable_K2
Atox1,2,101,5.404212320338007,1.8543016647498503,0.10647314730722914,1311.7523219489854,3.1761557432178824,413,89,2.3090259539927479e-10,2.7720772594232392,2.0752612628950624,17.415674389705487,94.11800210384149,,,,,stable_K2
Atp13a3,2,303,2.23907315072,1.0476520746076095,0.06880338480927026,828.0369783550921,2.0344888903073515,407,70,-4.960929053977321e-18,2.777697630751873,1.1250600115132798,15.226751961575786,34.093811489837435,,,,,stable_K2
Atp1b3,2,303,4.860733986053744,1.350374879496145,0.09578855682404758,1208.47001950382,2.9260775290649392,413,76,5.51573896469718e-11,2.777697630751873,1.4934282127121594,14.09745510600631,68.52397915063176,,,,,stable_K2
Atp5c1,2,101,12.948509395497064,1.554287135086907,0.09430821869203652,1604.4584237643207,3.8848872246109463,413,193,1.3702321892832696e-11,2.7720772594232392,1.7161325377627568,16.480929834571803,213.40347480948088,,,,,stable_K2
Atp5j2,2,202,6.770205796449139,2.4574176081073325,0.10847556129360773,1460.9094199243782,3.5373109441268236,413,128,4.347590072952191e-11,2.772897381189308,2.756422035578813,22.654112860093065,153.37300619881506,,,,,stable_K2
Atp5o,2,101,5.587700839800827,1.977394934910043,0.10493973423957025,1340.4968221966528,3.2457550174253096,413,100,3.132687643149355e-11,2.7720772594232392,2.2092310546598535,18.843147919507643,105.28987345432407,,,,,stable_K2
Atp6v0a2,2,303,3.460068692625413,0.6861624255291453,0.06526635316771358,731.5063163991395,1.9717151385421547,371,70,1.1039063883715105e-17,2.777697630751873,0.734072671776048,10.51326437323575,36.37661691512715,,,,,stable_K2
Atp6v0b,2,202,4.519878298142021,1.5150026594500343,0.089538634816396,1190.0545503860849,2.909668827349841,409,84,2.321190827878051e-12,2.772897381189308,1.663994450928204,16.920100050180935,76.47679301920452,,,,,stable_K2
Atp6v0d1,2,202,2.295808034466478,1.297351203550751,0.09586108885384229,909.3197581319218,2.2017427557673654,413,70,-1.6106064224119782e-18,2.772897381189308,1.4349025216779208,13.533658119915575,31.070681047424667,,,,,stable_K2
Atp6v0e,2,303,11.017367720304637,2.119884188413464,0.18160224278774814,1609.2170093914228,3.8964092237080457,413,189,5.811208911563612e-18,2.777697630751873,2.5902859211571263,11.673226915435885,128.6082334099146,,,,,stable_K2
Atp6v1a,2,101,4.819289676755547,1.1779676998496584,0.08504720161959037,1178.4022829894968,2.853274292952777,413,85,1.6281879807727367e-13,2.7720772594232392,1.287462808939238,13.850752022607608,66.75078623785386,,,,,stable_K2
Atp6v1f,2,101,2.6233677268267455,1.4422200353830215,0.09534929833345282,914.1508551448505,2.213440327227241,413,70,7.795642522611421e-18,2.7720772594232392,1.5942286152281362,15.125649171945986,39.68013988498679,,,,,stable_K2
Atxn10,2,303,2.9383284516741996,1.136965855372045,0.07906704272230404,913.6233510063342,2.3426239769393185,390,75,-9.074981822228336e-18,2.777697630751873,1.2345804831797402,14.379769575615075,42.252486072548805,,,,,stable_K2
Aurkaip1,2,303,3.575865838450702,1.4017367651150456,0.09577967146439005,1110.2304707176113,2.7144999284049174,409,75,7.729612818791363e-15,2.777697630751873,1.550215938393208,14.635013293360457,52.33284408099956,,,,,stable_K2
Avpi1,2,202,4.110907098424563,0.956333423563195,0.08932288780274185,1048.0915612678991,2.5751635411987692,407,70,2.432889924227207e-14,2.772897381189308,1.050134466711015,10.70647677306554,44.01333136551284,,,,,stable_K2
Axl,2,202,7.74774656809515,2.1645172405467474,0.1043900808597228,1553.9097650786853,3.7624933779144922,413,175,1.0805333056839153e-16,2.772897381189308,2.4168080257803894,20.73489380140801,160.6487022896763,,,,,stable_K2
B2m,2,202,5.780363198031326,1.6214620164986207,0.08906981901373365,1286.687701509431,3.1154665896112133,413,93,3.183934367063068e-10,2.772897381189308,1.7800069097974773,18.204393300143654,105.22800507463842,,,,,stable_K2
BC004004,2,303,4.036594035077306,1.246836731167891,0.08547973515172792,1099.197078262407,2.6875234187344916,409,72,1.99090086698814e-12,2.777697630751873,1.3633779141840596,14.586342937945883,58.87914489690434,,,,,stable_K2
BC031181,2,202,3.441937001148689,1.557073974866809,0.09511185591119556,1078.3573958276233,2.6626108538953663,405,72,1.569564991587233e-13,2.772897381189308,1.720736408183065,16.370976677404176,56.347870370899656,,,,,stable_K2
Bad,2,303,2.46356781472814,1.0827456501016162,0.07464192787568844,821.8645568816924,2.0495375483333973,401,70,-1.3113928922691099e-17,2.777697630751873,1.1700828930102654,14.505863941575342,35.73617953129049,,,,,stable_K2
Bag2,2,202,6.592441775446715,0.7455239031424882,0.08326514130642926,1072.8112959664277,2.635899990089503,407,87,1.5185035342940681e-13,2.772897381189308,0.8132383055717184,8.953613618438945,59.02617645940553,,,,,stable_K2
Bag3,2,101,5.32059394751579,0.6285102277822854,0.06264233645272715,903.4237714568815,2.3224261477040655,389,74,1.171695411511459e-12,2.7720772594232392,0.6705127105952212,10.033313943463599,53.383189441118205,,,,,stable_K2
Bak1,2,303,2.701056029569924,1.1461620215796737,0.07789437932276562,952.6598152255281,2.329241602018406,409,78,-6.54120241675729e-18,2.777697630751873,1.2429834455817357,14.714309704303574,39.744174947768414,,,,,stable_K2
Bax,2,202,11.38767218688899,1.605408614948282,0.10150539794755414,1610.3371761189087,3.899121491813338,413,191,2.5558009792017115e-14,2.772897381189308,1.786776026568241,15.81599252266136,180.107338158355,,,,,stable_K2
Baz1b,2,303,3.656274296369592,0.5756576351656854,0.058393173062279286,748.5371924794356,2.0014363435279026,374,70,5.5497969809470495e-18,2.777697630751873,0.6113566923020622,9.858303719027518,36.04466249368507,,,,,stable_K2
Bbip1,2,101,3.7443521641497557,1.0032838274981934,0.09011367884873414,959.8071348367408,2.4055316662574957,399,70,2.0341363646566323e-15,2.7720772594232392,1.1026474452640995,11.133535333545945,41.68787712080053,,,,,stable_K2
Bccip,2,303,2.504503609674597,1.1251986697906124,0.0732817840011744,895.9709297772918,2.201402775865582,407,70,-9.830608908618298e-18,2.777697630751873,1.2141756257352325,15.354411537969385,38.45517912127361,,,,,stable_K2
Bckdk,2,202,3.006950528820287,1.2097177025455683,0.10103691858944165,992.5142280996387,2.4148764673957146,411,70,-1.1842129413480919e-17,2.772897381189308,1.3456811826436814,11.973026488081988,36.00229832991744,,,,,stable_K2
Bclaf1,2,101,3.6229267903937306,0.9695504619019504,0.08606239065854424,880.6294763050262,2.3736643566173212,371,70,6.938371769876457e-16,2.7720772594232392,1.060849725399272,11.26566964365048,40.814696363706716,,,,,stable_K2
Bicc1,2,101,4.1433320589061875,0.7163064685144724,0.07361266728539233,922.7898259103144,2.2507068924641818,410,70,1.8818557581231715e-15,2.7720772594232392,0.7732256726951005,9.730750085951797,40.31772878832822,,,,,stable_K2
Bid,2,101,3.6099899870608168,0.8379532144022688,0.08346979281256302,917.0038144162669,2.2311528331296033,411,70,5.265127610406878e-17,2.7720772594232392,0.9142668815834254,10.03899957298263,36.240687938575114,,,,,stable_K2
Blvrb,2,101,5.945476773498328,0.618819999690351,0.06075421847777858,1005.1361003704255,2.4696218682320037,407,72,1.2528381816396232e-10,2.7720772594232392,0.6588477817674504,10.185630153677149,60.55842750213169,,,,,stable_K2
Bmp1,2,202,7.467779846390854,1.1093275754976857,0.087797989561126,1282.5278459914202,3.1511740687749885,407,138,-3.6754089459917354e-17,2.772897381189308,1.2160985865005622,12.63499974250958,94.35539643626666,,,,,stable_K2
Bms1,2,101,3.0349765484343854,0.813417059494373,0.08040162715756634,740.0973142736257,1.973592838063002,375,70,1.932072597857263e-18,2.7720772594232392,0.8845351226320036,10.116922856552225,30.704623611955817,,,,,stable_K2
Bop1,2,303,3.830115188443414,0.5991885828177159,0.06487477649740274,733.3660833767331,1.9820704956127921,370,70,1.0732404382036403e-17,2.777697630751873,0.6407575881371269,9.236079338812125,35.37524775725272,,,,,stable_K2
Bsg,2,202,29.057691143633818,1.9451066933732393,0.18282970863662054,1980.1642206189445,4.794586490602771,413,440,1.1338411830253314e-20,2.772897381189308,2.3802954095749045,10.638898392816435,309.1418236069622,,,,,stable_K2
Btg1,2,303,3.35171218041592,0.8559141412053574,0.06452811741244968,879.642014464974,2.1612825908230318,407,81,-3.952073171993657e-18,2.777697630751873,0.9149544279597873,13.264204435634477,44.457795570442954,,,,,stable_K2
Bub3,2,303,4.476184262704796,0.9926963585270187,0.07747849356444644,1095.0466078541679,2.703818784825106,405,97,-8.06454526830696e-18,2.777697630751873,1.0760685269686636,12.812540782059681,57.351293413918945,,,,,stable_K2
Bud31,2,101,3.30235008394641,1.4020339852796515,0.09273615960334222,1034.50127169715,2.529342962584719,409,70,2.5226791390965038e-14,2.7720772594232392,1.5453431767617665,15.118525408821458,49.92666365296748,,,,,stable_K2
Bysl,2,202,3.07383432326897,0.7935043037099425,0.08036192462507288,849.902316284589,2.0882120793233145,407,70,-6.163482205408838e-18,2.772897381189308,0.8628441176562192,9.874132649411056,30.351447850270475,,,,,stable_K2
Cald1,2,202,23.5472902194198,1.8452990991037153,0.15728130131815393,1853.4503758832814,4.487773307223441,413,327,1.1823926761561425e-16,2.772897381189308,2.189697584722012,11.732476039036465,276.2680182835805,,,,,stable_K2
Calm1,2,101,8.186100799338933,2.395629360735501,0.12085007767739193,1545.2658740120044,3.741563859593231,413,160,1.9922106323637837e-13,2.7720772594232392,2.7249383750231555,19.823151186800306,162.2743137756825,,,,,stable_K2
Calr,2,101,18.400245230984478,1.6877876320879224,0.11724710344916536,1745.4685763226566,4.226316165430162,413,273,6.482445934606997e-14,2.7720772594232392,1.9119593248377729,14.395132864153814,264.87397483303414,,,,,stable_K2
Calu,2,101,9.517862311861206,1.8967448438888692,0.09785126458286833,1553.3465651808128,3.7611296977743653,413,165,4.666918845360336e-12,2.7720772594232392,2.1024746468351037,19.38395841867279,184.4938472877705,,,,,stable_K2
Cant1,2,101,2.52215764026212,0.8146862749608278,0.07650995450250382,793.8499588967829,1.936219411943373,410,70,-9.792780146490715e-18,2.7720772594232392,0.882181977957267,10.648108213607248,26.856207485287356,,,,,stable_K2
Canx,2,101,7.552694245278644,1.9510802772821425,0.10049402539208463,1466.3589113586431,3.5505058386407824,413,137,3.1588859640715428e-12,2.7720772594232392,2.169057607574643,19.414888294800246,146.63471509686553,,,,,stable_K2
Capg,2,202,9.242073936427133,1.3312196438569768,0.08763745212741458,1441.1377535948018,3.5064178919581552,411,132,6.363854928037634e-11,2.772897381189308,1.4590906290060541,15.19007697669644,140.38781451864804,,,,,stable_K2
Capns1,2,101,6.500664356728516,1.6393368685683096,0.09038039666729308,1358.0960247397786,3.2883680986435317,413,127,3.2147172405531056e-14,2.7720772594232392,1.802222448331182,18.138190680917358,117.9102896549848,,,,,stable_K2
Capza2,2,101,2.667191366260176,1.36498151594974,0.09463165253734389,925.0539931943847,2.250739642808722,411,70,-1.332179911545483e-18,2.7720772594232392,1.5076532328252639,14.424153857094339,38.47197863325044,,,,,stable_K2
Cast,2,303,3.1062126575792064,0.8436257085207838,0.06519985372448016,827.2957365807291,2.160041087678144,383,75,7.29923168119385e-18,2.777697630751873,0.9024663848010743,12.939073637891203,40.19151431136709,,,,,stable_K2
Cat,2,101,3.5360723383074744,0.9314229797375604,0.09000474636804624,920.078115527987,2.2495797445672054,409,70,3.840073500644249e-17,2.7720772594232392,1.023547074580977,10.348598460894468,36.59339275782023,,,,,stable_K2
Cav1,2,303,9.334833658052451,1.4763723475078605,0.12173436453749995,1508.1925924738882,3.651798044730964,413,151,3.106799864965316e-16,2.777697630751873,1.681008897416775,12.127819068321237,113.2111736377354,,,,,stable_K2
Cbfb,2,303,2.9152277291723645,1.0228478718011644,0.07561590829722498,871.3461042886363,2.275055102581296,383,70,2.248224314589899e-18,2.777697630751873,1.106518254675946,13.526887328796416,39.433957030297606,,,,,stable_K2
Cbx5,2,303,4.939065124932379,0.7535643221279225,0.06340795011146759,974.4410502876701,2.4985667956094106,390,73,5.417861615493978e-12,2.777697630751873,0.804581164464942,11.88438233381144,58.697738316290554,,,,,stable_K2
Ccdc109b,2,303,5.970907755800939,0.5146702428387753,0.05535269136497687,931.3341612129178,2.277100638662391,409,85,1.0771316957008599e-14,2.777697630751873,0.5448279353936369,9.298016594084185,55.51759939518309,,,,,stable_K2
Ccdc50,2,101,1.9913830458521093,1.2783139747325765,0.09772830861577697,818.9432976190017,1.9829135535569047,413,70,2.1599550933856506e-18,2.7720772594232392,1.4167727824547471,13.080283418782193,26.047854635103324,,,,,stable_K2
Ccdc55,2,303,3.502371116081261,0.7738160916719673,0.0713174059044794,879.635838399072,2.188148851738985,402,70,4.198078684190205e-17,2.777697630751873,0.8332406535794034,10.850311811795224,38.00181869010693,,,,,stable_K2
Ccdc80,2,101,14.516249885479619,1.35935015207079,0.08505699753120562,1627.0824059041615,3.9396668423829575,413,207,1.754312947551402e-11,2.7720772594232392,1.4857211306090654,15.981638095937647,231.99345217993158,,,,,stable_K2
Ccl2,2,101,58.94487450178668,0.6312247580393142,0.10927931988729747,1958.8649189602402,4.743014331622858,413,574,-1.0032424191298154e-17,2.7720772594232392,0.7086674556152055,5.776250791918474,340.4803780204804,,,,,stable_K2
Ccl8,2,101,44.54498475840445,0.2716301116676921,0.06384344103894002,1170.6929256400128,2.8484012789294715,411,250,2.5951490233854094e-13,2.7720772594232392,0.2901545783849928,4.25462831024438,189.522353232512,,,,,stable_K2
Ccm2,2,303,1.7772570818936053,1.264447841110597,0.07997587820384824,790.1794058986524,1.9225776299237283,411,70,-3.9121826291917435e-18,2.777697630751873,1.3743637923775642,15.810365193961132,28.09908350829159,,,,,stable_K2
Ccnd1,2,303,10.138773321699661,0.516938089882564,0.054356530632350485,1065.8357935414424,2.5807162071221366,413,90,2.7071304722669494e-08,2.777697630751873,0.5466522073358575,9.510137675617333,96.42113015123984,,,,,stable_K2
Ccnd3,2,101,2.9489845528452454,1.13908676617857,0.08425931676163413,925.9842727194039,2.2751456332172086,407,70,3.215456934633e-17,2.7720772594232392,1.2438966478483597,13.518822724387807,39.86679938687292,,,,,stable_K2
Ccne1,2,202,14.271048557000416,0.47729576620538267,0.06526054131454852,1188.9234166112565,2.950182175214036,403,122,2.1682501639407614e-10,2.772897381189308,0.5106190412423759,7.313696095545246,104.37411211067055,,,,,stable_K2
Ccng1,2,101,9.548426882403426,1.660041350184043,0.09377779418089396,1533.0057748857103,3.7118783895537777,413,179,4.3951439539382555e-15,2.7720772594232392,1.831825946798096,17.701859642613083,169.02491248005907,,,,,stable_K2
Cct6a,2,202,4.574463824465663,1.573134093967102,0.09333871708852226,1236.4153636173176,2.9937418005261924,413,78,6.8026688037804e-11,2.772897381189308,1.7350846712186072,16.854035956752487,77.09817778040777,,,,,stable_K2
Cd164,2,202,4.3484414465114325,1.9661255417703611,0.09999435120516245,1241.1787367739207,3.0052753917044086,413,92,3.81625595702456e-13,2.772897381189308,2.184570223979286,19.662366104425058,85.50064770496346,,,,,stable_K2
Cd44,2,303,19.185014327709524,1.209576406601717,0.12586056539750923,1661.5468887899845,4.023115953486645,413,238,1.7924700760102431e-16,2.777697630751873,1.38373394303137,9.610447901465207,184.37658068531593,,,,,stable_K2
Cd81,2,101,19.84749501557669,2.0928298724504666,0.1483194116498102,1804.3861089324305,4.368973629376345,413,303,5.484295246020834e-15,2.7720772594232392,2.4572943202856554,14.110289740035824,280.05390528370395,,,,,stable_K2
Cdc16,2,101,3.4112839040045673,1.7981134625088635,0.10484622030038211,1110.4810363106117,2.6888160685486966,413,81,1.311760649168649e-15,2.7720772594232392,2.0087201811427833,17.150007481026098,58.50354447358224,,,,,stable_K2
Cdc42,2,101,6.571260307132241,2.0929594889570793,0.10820589398999553,1441.0808851282252,3.48929996399086,413,133,5.969408264007331e-14,2.7720772594232392,2.3469088602987465,19.342379715014317,127.10381206675342,,,,,stable_K2
Cdc42bpa,2,303,3.3475140208872176,0.7992105485072223,0.062450852614167086,854.8539301447165,2.1371348253617914,400,74,1.806875863353994e-17,2.777697630751873,0.852446563186218,12.7974321414776,42.839583524949,,,,,stable_K2
Cdipt,2,101,3.0771365826792714,1.2981973968057456,0.0837925347057563,1027.1268840426003,2.4869900340014537,413,70,2.300678048174487e-15,2.7720772594232392,1.4169251463027803,15.49299590189582,47.67406446502366,,,,,stable_K2
Cdk1,2,303,18.657860296209176,0.3143804849850518,0.051812903316868726,979.5748099633539,2.4068177148976755,407,127,3.1456746342969747e-09,2.777697630751873,0.33155954777785024,6.067609897527184,113.20861779995828,,,,,stable_K2
Cdk5rap3,2,101,4.305950567539362,0.5979272699112403,0.067545209656788,820.2301538110744,2.1415930908905336,383,70,5.887579447033995e-16,2.7720772594232392,0.6412399572650157,8.85225277927835,38.11736287893551,,,,,stable_K2
Cdk7,2,303,4.531999415746483,1.0934940375825994,0.08570037208799154,1066.412963550325,2.6201792716224204,407,89,1.3787030778524686e-16,2.777697630751873,1.1959909029820108,12.759501632733535,57.82605394476468,,,,,stable_K2
Cdkn2b,2,202,14.02244818225298,0.6612036194225982,0.0710582444337269,1314.8277997728567,3.222617156306021,408,133,1.087998138494219e-09,2.772897381189308,0.7117815680699329,9.30509365509692,130.48019360960754,,,,,stable_K2
Cfl2,2,202,2.9352514595093147,1.578720208174321,0.09225588887692453,1023.4755832457278,2.49020823174143,411,70,5.296065116843871e-15,2.772897381189308,1.7391687688517232,17.112405802955717,50.22921410884143,,,,,stable_K2
Chmp2b,2,202,3.549006241815562,0.821731301851815,0.07136537084419822,925.4941098370019,2.251810486221416,411,81,-1.0923955684865113e-18,2.772897381189308,0.884881175063254,11.514426284504049,40.864770754630044,,,,,stable_K2
Chmp4b,2,101,4.690098542783779,1.0828681032056127,0.08922869867829446,1051.2707890855072,2.7024956017622292,389,71,1.3824761582348288e-11,2.7720772594232392,1.1889572076262847,12.135872418242812,56.91843754421046,,,,,stable_K2
Chmp5,2,202,2.63038571305225,1.1010370108202656,0.08673702355150846,886.3878872696578,2.2554399167166865,393,70,-3.267899722760686e-18,2.772897381189308,1.2056078470431288,12.693968108859751,33.39003235548558,,,,,stable_K2
Chst12,2,101,4.990309200652414,0.684976049850665,0.07459574548474492,970.9103270639622,2.3623122312991782,411,70,3.9173987617611253e-13,2.7720772594232392,0.7401911613313997,9.182508270404576,45.82355550686684,,,,,stable_K2
Chsy1,2,303,2.0124327322786204,1.1895609039490436,0.07709136113625716,838.6913973051189,2.0759688052106906,404,70,-8.899231122546987e-18,2.777697630751873,1.288925960660196,15.430534451798339,31.052912607351914,,,,,stable_K2
Ckap4,2,202,5.176499411802517,1.6012186196416678,0.09318356297291373,1286.0209557454475,3.113852193088251,413,91,1.1399355678844588e-11,2.772897381189308,1.7657582662386608,17.18348782292328,88.95031460807807,,,,,stable_K2
Clic1,2,101,8.202304724098683,1.4496482670620832,0.08642061381658774,1403.130801542461,3.455987195917392,406,132,7.02118195928319e-12,2.7720772594232392,1.5867786521740197,16.774334305686626,137.588201519144,,,,,stable_K2
Clint1,2,101,2.5827721004371815,0.8877831357155347,0.0792169479167272,796.4231745591774,2.006103714254855,397,70,2.6978661121826403e-18,2.7720772594232392,0.9641610297962416,11.206984856937074,28.945087818519056,,,,,stable_K2
Cln5,2,101,3.535666422917047,1.468194517202646,0.09927361956493261,1075.2575739525207,2.603529234751866,413,70,2.1685013861916488e-13,2.7720772594232392,1.6300116762356633,14.789372278728424,52.29028698192026,,,,,stable_K2
Clns1a,2,303,2.3053915958818645,1.159425530859545,0.07883068734813643,896.8567532991096,2.1821332197058627,411,70,6.398697503896299e-18,2.777697630751873,1.2586454139704122,14.707794259603824,33.907225280050184,,,,,stable_K2
Clpp,2,303,3.4203576134759324,1.1766936873404457,0.07984099345425857,1047.5192768334775,2.536366287732391,413,71,1.4287728016423046e-14,2.777697630751873,1.2787938595066632,14.737964001094014,50.409107378276126,,,,,stable_K2
Clptm1,2,202,2.7991939160705983,1.3473972282486284,0.09135589361970152,1011.6348285110095,2.4494790036586185,413,70,2.930773461913172e-17,2.772897381189308,1.482865754355861,14.748881269309296,41.284978717898184,,,,,stable_K2
Clptm1l,2,202,4.121557252199437,1.6750083652474532,0.09572078802090478,1194.0026903902694,2.8910476764897566,413,79,3.807766480496678e-12,2.772897381189308,1.8523132491142296,17.49889861836117,72.12271250600918,,,,,stable_K2
Cltc,2,101,4.080847621548559,1.5333957245492418,0.08614635944546689,1166.52764100475,2.824522133183414,413,96,1.4958477476079192e-16,2.7720772594232392,1.677944537835146,17.79989002924639,72.63863888967605,,,,,stable_K2
Cmtm3,2,303,3.7142376265382606,1.0209209932481222,0.07203412468964385,1022.3811566737195,2.4754991687015,413,83,3.2270948978297585e-17,2.777697630751873,1.1001708364617153,14.172741011940099,52.640927937729856,,,,,stable_K2
Cnn3,2,303,4.866967851344482,1.6422661671981795,0.11962255119382081,1260.356154859241,3.0517098180611164,413,92,1.2634119664357373e-14,2.777697630751873,1.865411443040876,13.72873384498601,66.81730626321183,,,,,stable_K2
Cnot4,2,303,3.3585210783205173,0.6644126391182317,0.06154973257883191,723.7977452285454,1.9509373186753245,371,70,1.0148542259833363e-20,2.777697630751873,0.7079891840662125,10.794728283624346,36.25432247529503,,,,,stable_K2
Cnpy2,2,202,3.112721720457861,1.2860332840751239,0.09028049213198466,1018.4232972713314,2.502268543664205,407,70,7.090881754757226e-16,2.772897381189308,1.413659125645248,14.244863466129763,44.340295915978764,,,,,stable_K2
Cnpy4,2,202,2.608058000063122,1.308062022372859,0.09714239989163048,969.8608611336247,2.3947181756385794,405,71,-1.3234579568723512e-17,2.772897381189308,1.4488021391367287,13.465407729602097,35.11856435330055,,,,,stable_K2
Col12a1,2,101,12.418663307244673,1.2022643613830752,0.07510626269672165,1521.445575753222,3.683887592622814,413,180,1.1866750100009348e-11,2.7720772594232392,1.2998945856077795,16.00751146729011,198.79189529913404,,,,,stable_K2
Col4a1,2,101,21.47362649356683,0.8694213019122918,0.07903195964346224,1602.161151393579,3.8887406587222793,412,236,1.739509331494804e-11,2.7720772594232392,0.9440298292823599,11.00088250164265,236.22884193988935,,,,,stable_K2
Col4a2,2,202,7.823382343065031,1.192262168449045,0.08455506677413582,1333.6723479870766,3.2528593853343333,410,119,2.2363462817757714e-12,2.772897381189308,1.3023854577988938,14.10042252859696,110.31299663998183,,,,,stable_K2
Col6a1,2,101,11.670690384686297,1.0177809626122045,0.07021490305699742,1401.9068344221116,3.410965533873751,411,139,2.785636205907806e-09,2.7720772594232392,1.0946410799210693,14.495227057224788,169.169307040598,,,,,stable_K2
Col8a1,2,101,14.27283107658231,0.48533382774468803,0.06115080067895071,1242.4983680889784,3.045339137472986,408,121,1.6675287531586977e-09,2.7720772594232392,0.5169454563050898,7.936671676512476,113.2787741491579,,,,,stable_K2
Colec12,2,101,3.4668725401194407,1.1415710521762086,0.09166260661062407,990.2795600553854,2.445134716186137,405,70,1.7910167614100276e-15,2.7720772594232392,1.2567698527928517,12.45405399636427,43.176617813160064,,,,,stable_K2
Commd3,2,101,4.2809211951235175,1.7615419084658765,0.10077301724439905,1225.5389491137141,2.967406656449671,413,99,2.4444225525836627e-16,2.7720772594232392,1.9589513462638635,17.480293402287533,74.83175852283048,,,,,stable_K2
Commd7,2,101,3.1044330112179397,0.88640245202267,0.08018703443393334,891.4717081630904,2.1796374282716147,409,70,-3.595898221870153e-18,2.7720772594232392,0.9636768399727488,11.054186730810992,34.31698219929696,,,,,stable_K2
Commd8,2,303,2.5445130340374655,0.849715913368835,0.06493104507936198,800.6460101714204,1.9480438203684194,411,72,2.0057403374229488e-18,2.777697630751873,0.9087200563095937,13.086435191829572,33.29860491469693,,,,,stable_K2
Comt,2,303,4.488428860787622,1.334835892128073,0.09418128799167226,1171.707347959873,2.864810141711181,409,80,5.375785504201102e-13,2.777697630751873,1.4736236671116603,14.173047752820096,63.61471657907887,,,,,stable_K2
Copa,2,202,3.1413343805115685,1.4148490858799918,0.09692126026525803,1061.28690699428,2.5822065863607784,411,71,1.0827021754367694e-15,2.772897381189308,1.566695154727671,14.597922911936715,45.85695712732436,,,,,stable_K2
Copb1,2,303,3.824911569569204,1.2959115586078163,0.09085547487165353,1071.137652288175,2.651330822495483,404,90,2.289265609155009e-17,2.777697630751873,1.4254186466391237,14.263439384786425,54.556394324718646,,,,,stable_K2
Cope,2,202,3.3018571194899353,1.5164410646565294,0.09527500298102042,1022.9644360938127,2.4950352099849087,410,70,8.123639807363222e-14,2.772897381189308,1.676134814062971,15.91646305126453,52.55388684291629,,,,,stable_K2
Cops3,2,202,2.524129904559329,1.0078612878884858,0.08557168264967957,841.9036258272799,2.068559277216904,407,70,3.984423398382838e-18,2.772897381189308,1.1021763748621654,11.777976740442885,29.729143305756097,,,,,stable_K2
Cops5,2,202,6.3552718962991275,1.5262517165639684,0.0931341523789424,1345.32784833403,3.2574524172736803,413,98,1.701829430392979e-10,2.772897381189308,1.6829961350597988,16.387669588208475,104.14809597977721,,,,,stable_K2
Cops6,2,303,3.3100165337234233,1.4218889428213075,0.09472774208851303,986.6770253435443,2.412413264898641,409,70,2.5606892504031627e-14,2.777697630751873,1.5706754850763724,15.010269552215265,49.684240393477815,,,,,stable_K2
Coq10b,2,303,2.976816991188189,0.8132571858278158,0.0691929128099102,806.1213447675068,2.000301103641456,403,70,-2.7096953247374805e-20,2.777697630751873,0.8737118539598443,11.753475215908766,34.98794472822649,,,,,stable_K2
Coro1b,2,202,2.673505923094964,0.9436903352233437,0.08646361030074735,781.1474227253049,2.0830597939341464,375,70,1.1006361677611954e-17,2.772897381189308,1.0330079303507744,10.914306399430869,29.179462805351697,,,,,stable_K2
Cox5a,2,202,5.485341704545672,1.9528954197607125,0.09475880249600989,1379.2867717721924,3.3396774134919913,413,119,2.3410812733563987e-14,2.772897381189308,2.157320529760914,20.60911881872869,113.0480589503095,,,,,stable_K2
Cox6a1,2,202,15.884077923757062,2.734194965180665,0.16030128956528714,1818.5835596645302,4.403350023400799,413,300,6.549634450637091e-17,2.772897381189308,3.2561619199881466,17.056599935006066,270.92836248198597,,,,,stable_K2
Cox6c,2,101,5.938658136083056,2.132675680933234,0.10664195359977235,1399.2679018512133,3.3880578737317513,413,113,5.700260942060858e-12,2.7720772594232392,2.387257482626163,19.99846785381646,118.76406382926258,,,,,stable_K2
Cox7a2l,2,101,4.0007710982858775,1.3934595591107728,0.0926228892450446,1078.073805513687,2.610348197369702,413,70,1.1181733138976834e-11,2.7720772594232392,1.5357005842382199,15.04444063955092,60.18936330059283,,,,,stable_K2
Cox8a,2,202,9.356731398720278,2.723776284308504,0.1256908720047387,1636.2860506323045,3.961951696446258,413,195,3.2861605458582824e-14,2.772897381189308,3.115346960352525,21.670438281355977,202.7644702911934,,,,,stable_K2
Cpe,2,303,8.35221380413327,0.9726711413522062,0.08013041810826571,1269.3197436116827,3.088369205867841,411,98,1.6408823799127416e-09,2.777697630751873,1.057401136530555,12.138600600311507,101.38418749678216,,,,,stable_K2
Cpsf2,2,101,2.8582484238351253,0.8424511407258759,0.07565518858173331,797.6928869779158,2.0194756632352298,395,70,5.412084881321722e-18,2.7720772594232392,0.9114035480258309,11.13540467638571,31.82775286504574,,,,,stable_K2
Cryab,2,202,9.780669331549603,0.9995776193213313,0.08262991285800038,1390.0024447900719,3.3656233530025954,413,138,2.1601206311102418e-13,2.772897381189308,1.0896121786959974,12.09704312576375,118.31717870259047,,,,,stable_K2
Cryzl1,2,303,2.612930012626156,1.1779001574324635,0.07799796406743696,912.0163145477102,2.24082632567005,407,74,5.834315094364564e-18,2.777697630751873,1.277546156653625,15.101678249114965,39.45962833813611,,,,,stable_K2
Cs,2,101,2.6294516985898206,1.3469929028329388,0.08394074474366812,912.8769872111459,2.2319730738658823,409,70,-7.834892125769803e-18,2.7720772594232392,1.4704211491821266,16.046949630317,42.194678962622326,,,,,stable_K2
Csde1,2,202,4.097915778608183,1.6729963667937158,0.09625213012180418,1159.013367275184,2.806327765799477,413,70,2.6322023810458023e-10,2.772897381189308,1.8511760000266408,17.381395764193364,71.22749595632142,,,,,stable_K2
Csgalnact1,2,202,5.141780370498027,0.9523654936452766,0.08210300763881016,1099.3128585759273,2.674727149819774,411,76,4.833069038779821e-12,2.772897381189308,1.0375516006381285,11.599641974566259,59.642811409629765,,,,,stable_K2
Csk,2,101,2.8604381547170266,0.8772583586892463,0.07412196850648851,821.386223461165,2.0381792145438338,403,76,1.9809217468615367e-17,2.7720772594232392,0.9474880371382849,11.835335412232778,33.85424498702421,,,,,stable_K2
Csnk1a1,2,101,2.0528527985473612,1.3216845997692226,0.09434447266391222,828.9871218856031,2.0418402016886774,406,70,-9.48808522350764e-18,2.7720772594232392,1.4593678941670576,14.009136544517263,28.758695160644372,,,,,stable_K2
Cstb,2,101,7.318967116472456,2.5671387656047537,0.12527995083493385,1516.2162983702513,3.6712259040441917,413,140,4.209472005398813e-12,2.7720772594232392,2.934811849865711,20.49121785645622,149.9745496678763,,,,,stable_K2
Ctnna1,2,202,4.64895244506289,1.568568376387458,0.09731055232570596,1235.2478610175888,2.9909149177181327,413,85,1.9636348997463655e-12,2.772897381189308,1.7376611418564234,16.119201246924774,74.93740004935172,,,,,stable_K2
Ctnnb1,2,202,3.7806003332973726,1.7369284096565905,0.09808025741966651,1157.712534903027,2.8168188197153943,411,80,1.7336437495523964e-13,2.772897381189308,1.925812605772828,17.70925622905544,66.95162000201557,,,,,stable_K2
Ctsb,2,101,18.167014028790447,2.025287927659664,0.12696447982660058,1820.7243340512996,4.408533496492251,413,307,7.803231827723189e-16,2.7720772594232392,2.3198230551460357,15.951610485276385,289.79313146781686,,,,,stable_K2
Ctsh,2,303,4.9409184067666905,1.1423255950272886,0.085011719648671,1143.0503335126582,2.781144363777757,411,74,6.78038392167917e-11,2.777697630751873,1.2484592639685708,13.437271940247673,66.39246426629929,,,,,stable_K2
Ctsk,2,202,3.6296685354286486,0.7266673701444625,0.07803451837132985,881.8324124223353,2.166664403986082,407,70,6.3667977270997776e-18,2.772897381189308,0.7881719919283641,9.312127316357508,33.79993551808847,,,,,stable_K2
Cttn,2,101,5.28168493023012,1.5009459905952245,0.09356222909964604,1259.2918268266985,3.094083112596311,407,123,-1.719663743255578e-17,2.7720772594232392,1.6558731760530594,16.04222136474197,84.72995882957333,,,,,stable_K2
Ctxn1,2,202,3.4151869455697166,0.704888236844972,0.07378686949844618,809.4110850411552,2.0285992106294617,399,70,-4.968932265786705e-19,2.772897381189308,0.7610432346853774,9.553030798519183,32.62538607372816,,,,,stable_K2
Cul1,2,101,2.9574643839098167,1.050555509678299,0.09179085475012895,812.0226974335534,2.212595905813497,367,70,-1.488058289509702e-17,2.7720772594232392,1.156733022534435,11.445099977967283,33.84847555512527,,,,,stable_K2
Cuta,2,101,2.265749393794325,1.2574188358676661,0.08687508365196366,913.0794686985942,2.2108461711830367,413,70,1.832155769024098e-19,2.7720772594232392,1.377050185966454,14.47387194359547,32.794166582058125,,,,,stable_K2
Cwc15,2,303,3.538904332792859,1.2412524319470248,0.0866575267361628,1051.0163116446734,2.544833684369669,413,70,6.858646761724376e-14,2.777697630751873,1.359021909395496,14.323654028647017,50.69004130340482,,,,,stable_K2
Cxcl5,2,101,57.43488737026965,0.4881643380847367,0.08762959525245333,1784.613197223598,4.34212456745401,411,450,-8.647339487028176e-18,2.7720772594232392,0.5350506061403998,5.5707702024456145,319.9565591431181,,,,,stable_K2
Cyb5b,2,202,2.9448092819249583,1.12576829399569,0.09001486223428473,953.5395614583626,2.3088124974778754,413,70,7.643910542852949e-18,2.772897381189308,1.2371282203133411,12.50647133209641,36.829172862885905,,,,,stable_K2
Cyfip1,2,303,3.443761944721476,1.2361374092951267,0.08548917079594326,1051.7035207311358,2.5714022511763712,409,71,1.5563895404778523e-14,2.777697630751873,1.3516924784488307,14.459578889187044,49.795347515280376,,,,,stable_K2
Cyp1b1,2,303,29.81047022423328,0.3382656619221628,0.05627261784792596,1277.737354902232,3.1394038203986043,407,319,2.8490382514232886e-19,2.777697630751873,0.35843578168812107,6.011194695727671,179.19654048905878,,,,,stable_K2
Cyp51,2,101,5.917689448162693,0.682624801053586,0.07262927941216427,1041.694573967028,2.5469304986968897,409,77,2.4872366583065367e-12,2.7720772594232392,0.7360862122333215,9.398754972905005,55.61891312902658,,,,,stable_K2
D17Wsu104e,2,101,6.263431893116775,1.2438893737663417,0.08058734423425205,1283.9429103568125,3.139224719698808,409,102,4.006426859928728e-12,2.7720772594232392,1.3529173934748029,15.435294283313176,96.67791449374678,,,,,stable_K2
D17Wsu92e,2,101,2.4806948238880384,0.884753118121149,0.07185615702914647,782.8964186356031,1.9572410465890078,400,72,-7.350165067713331e-19,2.7720772594232392,0.95324999979441,12.312836571016083,30.54438994909894,,,,,stable_K2
Dad1,2,303,9.824718614664775,2.008001168849529,0.16641913343323594,1539.1276949891694,3.726701440651742,413,156,1.9507748810817806e-15,2.777697630751873,2.4088858674501523,12.065927321121999,118.54434075501959,,,,,stable_K2
Ahcyl1,3,202,5.363151165756229,1.1565376991898229,0.031795479731386724,553.8278775966651,2.6001308807355166,213,111,1.4591943895318723e-10,2.9986274860151094,,,195.0807650034599,0.02483999280115379,0.022892218608703923,2.29537040478476,36.374280525421774,formal_K3
Akirin1,3,202,3.235982712991502,1.1924290422991906,0.03382311689020186,651.8391021296405,2.3033183820835355,283,74,4.5300577849286295e-11,2.9986274860151094,,,114.08409756780888,0.031219107673370213,0.020891570852774568,2.060070794561778,35.2548538376906,formal_K3
Arl6ip4,3,303,4.684590272785387,1.5561233538419412,0.07524141946492602,829.5195020580855,2.910594744063458,285,98,8.546907122447779e-13,2.997491296561934,,,96.88547050950163,0.060948520946751995,0.028095402799193366,2.458423897816909,20.681738394998412,formal_K3
Arpp19,3,303,14.628098666291647,1.4174106573120524,0.04619053205840532,1362.9388094582423,3.871985254142734,352,262,9.54274870024858e-11,2.997491296561934,,,448.88036621004926,0.06373731072205586,0.01807642960882651,1.9075089198794244,30.686172991465366,formal_K3
Ash2l,3,202,2.7799822640863185,1.3315236534921286,0.04279313068585938,823.5079343688465,2.326293599911996,354,72,7.151561996261427e-13,2.9986274860151094,,,86.50014807499701,0.041780988071191696,0.017949545917651837,1.988661061138613,31.115359688608134,formal_K3
Atp1a1,3,202,5.869103434795236,1.6388327999944317,0.06708033107083182,1181.4393224849834,3.2546537809503677,363,113,2.8014543685985507e-11,2.9986274860151094,,,143.38747382367595,0.09594975520950161,0.018449861087660453,2.0944552933670675,24.430899100124396,formal_K3
Atrx,3,202,5.678021212926116,1.1743138028789804,0.034351797192992466,967.5157657786092,2.3771886137066565,407,112,6.134482039461338e-10,2.9986274860151094,,,194.10276108462148,0.02169552717171926,0.026018005734463008,2.6744630147341635,34.18493059567004,formal_K3
Bcap31,3,303,11.185193540091404,1.285405308143548,0.04002577990778022,1132.7755914321037,2.7427980422084834,413,222,5.257820412837925e-11,2.997491296561934,,,359.2061711769846,0.019142360969352158,0.02330819564423594,2.969397963287315,32.114435024255215,formal_K3
Bola1,3,101,3.641003274782074,0.9139336936858561,0.04157955436312921,548.3984665572677,2.193593866229071,250,81,1.9545450764582413e-13,3.0005106168237634,,,80.03057326161891,0.04322581600691963,0.02990532007895321,1.6133096758048315,21.98036288951402,formal_K3
Btf3,3,202,6.624810573959043,1.3752414100127512,0.04778838112064043,771.0553931805978,3.023746639923913,255,142,2.8875302483035786e-12,2.9986274860151094,,,190.64704895106357,0.02671690831760913,0.019303149573730805,2.487748225082302,28.777735879794562,formal_K3
Capn2,3,202,6.379973408559696,1.9541590564222253,0.08744786518427282,1391.1677453709492,3.504200869952013,397,131,6.092699874370426e-13,2.9986274860151094,,,142.57046515427268,0.1715871098600216,0.018410988011770994,2.3711925301735244,22.346561031585637,formal_K3
Ccdc104,3,303,4.572233126687208,1.2888822707497771,0.05301482741606744,956.0209727712814,2.7872331567675843,343,94,5.144483019452198e-12,2.997491296561934,,,111.1589059504497,0.06446454849947474,0.02155138936334965,1.8160510576113778,24.311731897841657,formal_K3
Cct8,3,202,9.636279022317575,1.9744097971735206,0.09082479988878041,1418.7897792625263,3.8659122050750034,367,199,1.1912695852897463e-14,2.9986274860151094,,,209.47983076494256,0.13510587770682547,0.019867511005925317,2.49099354984261,21.738663884658,formal_K3
Cd248,3,202,7.97470709405153,1.2257298370833436,0.04696584404467695,1039.8525287829707,3.269976505606826,318,138,1.8767642925587573e-10,2.9986274860151094,,,208.1264933273787,0.063736739527047,0.019347231543748476,1.6765391326304793,26.09832447421471,formal_K3
Cdk4,3,202,9.373325754176559,2.1333009581592557,0.09957204547619457,1607.4400285093059,3.91104629807617,411,186,1.3093104121975712e-13,2.9986274860151094,,,200.82066926408882,0.18720614171016392,0.01866006457796019,2.6053623184905073,21.424697543943495,formal_K3
Cib1,3,101,7.521979091007777,1.8548188784646433,0.09368316802666624,1315.8082893268893,3.435530781532348,383,139,2.9605621036032348e-12,3.0005106168237634,,,148.9265266674824,0.1388058076081161,0.027727833396704527,2.4553635354365797,19.79884879572692,formal_K3
Commd1,3,202,3.3641524938953533,1.3120289247281776,0.03788755828725806,694.6918616899345,2.387257256666442,291,91,1.3192203008635529e-13,2.9986274860151094,,,116.49907195712746,0.03025229551785555,0.02102011604072053,2.3112290587035647,34.62954552997481,formal_K3
Cox7b,3,303,10.855172267316894,1.4449324048642807,0.06171288550412902,1301.1180147065459,3.564706889606975,365,188,3.937061183585911e-11,2.997491296561934,,,254.1606998489936,0.0677992369419376,0.02271978569278435,2.056017603493285,23.413787786144024,formal_K3
Cpt1c,3,202,3.057622082352522,1.2723823274806692,0.040522562927823746,875.0087098789752,2.4717760166072744,354,99,-1.26316873525619e-17,2.9986274860151094,,,96.00736035944824,0.05337604948645317,0.018290207236114377,1.7805376267681992,31.399354718677518,formal_K3
Crip1,3,303,9.218642895421555,0.9786052400882518,0.033159300641829016,1144.6532267571438,3.0043391778402726,381,170,4.084404561049537e-11,2.997491296561934,,,272.06280196940423,0.02896602420568489,0.020369576964775083,1.7239479463824736,29.512240039640155,formal_K3
