gene,state,n_restarts,BS_min,BS_median,BS_max,BS_restart_fold,BF_min,BF_median,BF_max,BF_restart_fold,best_seed,best_nll_per_cell
0610007P14Rik,2,3,2.333417635064733,2.6459659072669215,2.987745832944957,1.2804162392738887,0.9743950972465715,1.0699846595618245,1.0984649525046257,1.1273301308767343,202,2.025545400133748
1810009A15Rik,2,3,4.251921306317413,4.30924582553734,4.395219231461248,1.0337019231590496,1.4649340196008707,1.5769770322612446,1.597201663341472,1.0902891474775351,202,2.932308169008509
1810013L24Rik,2,3,3.2805260774011895,3.825936568916841,4.043137869708179,1.2324663100715618,0.7114572493785561,0.8242666995550703,0.9994580418856543,1.4048040732716705,303,2.386960763207343
1810037I17Rik,2,3,5.862184400062707,6.283246532724368,6.618847780914777,1.1290753291288442,1.0982189735994154,1.1483911904033064,1.2245808971890149,1.115060772602979,202,3.0754143777613114
1810043H04Rik,2,3,1.954318797203134,2.1422043832460167,2.5743069798109244,1.3172400447128014,0.9441273885610111,1.193330600483511,1.2444029023089849,1.3180455491346754,101,2.0324132271060935
1810055G02Rik,2,3,2.639204405143504,2.6903721162074157,2.7542951405851563,1.043608117361942,1.0221126617131926,1.117098783885489,1.1863820248873411,1.1607155153511277,101,2.2164076615731916
1810058I24Rik,2,3,4.652558101142926,4.773524662643038,4.88138754059896,1.049183574816577,1.4797419094215796,1.637306627631436,1.6626011944059296,1.1235751206477813,101,2.966019360954577
2310022B05Rik,2,3,8.696852229296725,8.98769668094563,9.75292372808623,1.1214314640453429,1.392624154492937,1.4961394783516078,1.5503493617939044,1.1132575553799697,101,3.5575987079318345
2410006H16Rik,2,3,4.5323284211552615,4.676396264463316,5.224532025102304,1.152725826468375,1.2971457424939776,1.4112358598572088,1.4807950960143843,1.1415795831602626,101,2.9495212795813677
2610203C20Rik,2,3,3.314351309797486,3.8944342558836333,3.911880678550509,1.1802854655107557,0.704086899835095,0.7062890320341892,0.7131190554525311,1.0128281830262025,303,1.9808186340225016
4833439L19Rik,2,3,2.291438909907377,2.482177374948679,2.6547505461795486,1.1585517443652282,0.9853528343544528,1.1331508268752448,1.1654509876645849,1.182775293307115,101,2.0519170874408292
9030624J02Rik,2,3,2.6371588319209933,2.7136690774389733,2.800125684709023,1.0617963737395821,1.0422499355793649,1.1639437906125751,1.2572728811545222,1.2063065088659666,303,2.2944939824601214
AI413582,2,3,4.086278197251406,4.09008165220138,4.4032671203524965,1.0775739946718041,1.0094857785860767,1.0894628649813785,1.1132642515017956,1.1028033035404172,303,2.619628560094315
Aasdhppt,2,3,2.8271643252395005,3.481283322469312,3.56315016310614,1.260326515617125,0.7300706341369265,0.7501978759385844,0.8598998305366505,1.177831007479441,303,2.10103764100233
Abcc1,2,3,2.9856551353204193,3.4192059859858945,3.5449577585806784,1.1873299486748108,0.7586803024195135,0.8539842552664231,1.0341703362474717,1.3631174197476734,202,2.2766643768323718
Abhd4,2,3,2.820880693525203,3.2851485279211037,3.960675178065115,1.4040562534800192,1.0784529991227685,1.1538005067144348,1.333266355401898,1.236276737592087,202,2.3984131130470496
Abi3bp,2,3,26.900956807091067,27.931474052756936,29.775627017,1.106861262613201,0.39576348875003925,0.4163647233479852,0.43965230440318,1.1108965756082176,303,3.3601581241774
Acadl,2,3,3.2821519228022575,3.381742807721219,3.5072785162196523,1.0685911556541188,0.6643997518959432,0.683892973941236,0.8027787378610455,1.2082766972296746,303,2.0813373924125007
Acads,2,3,2.9771320432581025,3.3937699618049586,3.5543245729782305,1.1938753543119511,0.6940036248300009,0.7565416645647508,0.7966192223560464,1.1478603192471533,202,1.9941781298201398
Acat1,2,3,3.8535160038027754,3.8820582370741854,4.235668462450351,1.099169812262478,1.100881336209246,1.1146116003489623,1.2415052534619662,1.1277375795441695,303,2.5820900606578974
Acly,2,3,3.2232272784225455,3.330650467269753,3.4828420621596523,1.0805449821906952,0.8076469937815517,0.8715198557695136,0.9367077538552813,1.1597984776361803,303,2.3139664758967897
Aco2,2,3,2.4398178999992517,2.548343864814768,2.6909695956488444,1.1029387052409403,0.8321140367296683,0.9107221820439926,0.9893701765574419,1.188983880677958,303,2.031749242397615
Acot7,2,3,4.504309299053186,5.313149265965066,7.126036039486311,1.5820485598056548,0.5131920282502038,0.6543315174157395,0.6864669581766246,1.337641507248709,303,2.4043710763943302
Actn1,2,3,31.791559245930518,32.822026220316516,34.6159095862098,1.0888396293629674,1.4699022542045979,1.5358413981887489,1.5548604382865379,1.057798526289024,101,4.767574192718176
Actr1b,2,3,2.9180993193972147,3.095705098704361,3.6957475462864813,1.2664913499414077,0.9733669648133392,1.002635776847779,1.0910520195921836,1.120905125233434,202,2.262521744891169
Actr2,2,3,2.490118203931171,3.400343958651638,3.403489660918456,1.366798433723081,1.4620687543869093,1.6858904946942574,1.8637511170611623,1.2747356179174287,202,2.4031939389786348
Adam12,2,3,2.60571651872854,2.808872611531214,3.121223639519962,1.1978369930444175,0.8762560250929402,0.9787897325779219,1.0231649555207267,1.1676552585326927,101,2.1913197399824167
Adam19,2,3,3.6298034626828306,4.169130330948468,4.169401013550589,1.1486575117400255,1.059632990061406,1.1505280129080218,1.2512265958040774,1.1808112880022434,303,2.7142196706377084
Adam9,2,3,4.520895132048003,4.637037950355573,4.841982839030275,1.0710230380497272,1.2940227824640549,1.3417285433411326,1.3535821374740578,1.0460265119108576,101,2.9205310484289106
Add1,2,3,2.550628066319785,2.6309503439097224,3.2428142227465875,1.2713787108229915,1.2135868549907904,1.2323960638499825,1.2644489288253398,1.0419105345656825,303,2.2182280069598805
Adh5,2,3,3.651061834477887,3.6819880466099413,4.481127727934177,1.2273491743190352,1.1135153343243445,1.1686665673832504,1.170780420488435,1.0514272991119944,303,2.5181349199913443
Adipor1,2,3,3.6042471663639097,3.9022598304016216,4.299528300907551,1.1929060639992304,1.5110971702131408,1.5186589266206112,1.6198881808431442,1.0719947153462397,303,2.7760610008549236
Adipor2,2,3,3.2090918673459474,3.5017692784482173,3.7208210584344488,1.1594623065470926,0.6567415715928815,0.6838132765541611,0.7529015538631822,1.1464198193470094,303,2.1696842578159794
Adra1d,2,3,3.7302726345355643,3.971692002549693,4.259916032677722,1.1419851710672888,0.5756550013457812,0.637611420011271,0.6696928200237813,1.1633579460929828,202,2.0248208729903276
Adss,2,3,2.195992906036778,2.3168245717660754,2.868064968828613,1.306044733088304,1.0384031713188442,1.122893615320635,1.187849570969247,1.143919436860536,303,2.0642408278394764
Aebp1,2,3,31.314419625698623,31.697639706793613,31.765270114329564,1.0143975361517141,1.2226633165794778,1.2793995059661019,1.3207177355792639,1.0801973999466206,202,4.524660686485161
Aebp2,2,3,2.8663942780218385,3.1914474138967424,3.429053533216436,1.1962951361956042,0.7344445817554169,0.7810821899446333,0.8769345933796296,1.194010569570332,101,2.1867547544044506
Afg3l2,2,3,2.9625985914124238,3.10657602163145,3.611956366386237,1.2191852034413582,0.8023288126184077,0.8628004217126257,0.8972235973572666,1.1182741829115783,303,2.2559491081660106
Ahcyl1,3,3,5.363151165756229,5.732552090697348,6.0535230623722756,1.1287250490018028,1.0712560527627577,1.1368817812421448,1.1565376991898229,1.0796090217713354,202,2.6001308807355166
Ahnak,2,3,17.76535492892933,20.21748151432756,20.991405987739068,1.1815922660546678,1.7660837929808664,1.8220011390431217,1.8937758973860332,1.0723024042871958,101,4.310812886144314
Aimp1,2,3,2.6126570341246325,2.692841130587868,2.706650249061935,1.0359761016121256,0.9631414233393873,1.0149457473859418,1.1277332706412495,1.1708906327911763,303,2.056385544388075
Ak2,2,3,6.282116635162336,7.5126942175205835,7.60846992297926,1.211131592239635,1.0578042062376378,1.2581350493016534,1.2613363670222544,1.192410050540953,303,3.063431998936306
Akap12,2,3,7.53466868730434,8.084489871226872,8.631065792059792,1.145513645026336,0.9994729571628607,1.0073423064787337,1.0436149367880718,1.0441652566073565,101,3.0786333781006308
Akirin1,3,3,2.9471892988561588,3.074529301660772,3.235982712991502,1.0979894349668777,1.1083810831282257,1.1284275381957782,1.1924290422991906,1.0758294781915199,202,2.3033183820835355
Akt1,2,3,4.0169897671548025,5.988148140762398,6.5093211948100365,1.6204475420958142,0.9698657779684875,1.1720823177462725,1.4310460090736894,1.4755093349836563,303,2.988970963614437
Aldh2,2,3,3.1650088287965072,3.2448510033154934,3.5075996802176834,1.1082432530058521,0.9213914979512438,0.9553619959384843,1.1441956487906535,1.2418126836798744,303,2.3128475260942456
Alg5,2,3,2.83419631817619,3.147969515193932,3.197461122293576,1.128172068317112,1.1216111916598266,1.1439277672509196,1.197470248580116,1.0676340049781678,101,2.436234096962008
Amfr,2,3,2.447513175807646,3.2269817751478365,3.4207581101859907,1.3976464535506279,0.8585166703353527,0.8765237132304771,1.009421753123011,1.1757742021814346,101,2.1951218078208337
Anapc16,2,3,3.414311305054253,3.4556281371521855,3.699111613665338,1.0834136911269605,1.3524692298537773,1.3788703871691965,1.4196661699309836,1.0496846350319344,101,2.6092311747829755
Anapc4,2,3,2.395944881803225,3.1725079869434345,3.5486903972603754,1.4811235534723888,0.7316164518921234,0.8301937466578785,0.857610379583357,1.172213087014904,202,1.9843527554112392
Anp32b,2,3,2.2095872559719325,2.257211322058975,2.3422593744518534,1.0600438467054618,1.05966911668197,1.0717498407259447,1.1737407457681077,1.1076483472910092,101,2.039611043476597
Anxa1,2,3,33.435050300262105,35.966744176344974,37.48126853486572,1.121017261773699,1.493602335314653,1.5775489571755026,1.587310819257567,1.0627399152554033,202,4.903654339226393
Anxa2,2,3,32.27976981807491,35.721928960799524,41.57681622359772,1.2880146437821551,1.1525391332211565,1.4073125187408275,1.4703121172020193,1.2757155699284064,101,4.737345110795345
Anxa3,2,3,12.729332992714669,15.242763939351741,16.061160758271594,1.2617440966831348,1.8583675279264409,1.9000808101303035,1.962327116371161,1.055941350073372,101,4.160792793978924
Anxa4,2,3,3.6628564421015555,3.717469011142392,4.152029327196581,1.1335495651624183,0.9358206883818054,1.0088315680466968,1.119208425729664,1.1959646111959412,101,2.4863498616306194
Anxa5,2,3,12.500951469723846,14.689498093525486,15.807468905435774,1.264501261661563,1.6280649786504142,1.7289995033411114,1.7427223893381092,1.070425574034975,101,3.9797571035209183
Ap2b1,2,3,3.2881279680700497,3.6788931554319686,3.7305469675263327,1.1345504201030103,1.279136895873672,1.3848469015136184,1.4031091390698485,1.0969186672639142,303,2.636017350640389
Ap2s1,2,3,4.339300741365366,4.345599364117879,4.979656291122474,1.1475711382833584,1.4302192959760882,1.7128965617157397,1.728422265341665,1.2085015704966144,202,2.9656007449715283
App,2,3,7.584451977179449,8.127757448575805,9.273496309457963,1.2226982697445525,1.3706756796436934,1.405678668302944,1.540394592795556,1.1238213500628982,101,3.4767754159478463
Aprt,2,3,5.734620183941536,6.005660440818032,6.031716961307275,1.051807577108191,1.7519027300882815,1.8495988077874648,2.0845942865058134,1.189902984168971,101,3.342138274416513
Arcn1,2,3,2.7676630339066013,2.9437045100421573,3.2230714964448066,1.1645462099103117,1.0855515569155973,1.250353895097111,1.259248032938213,1.1600075785586301,101,2.4652778339447723
Arf4,2,3,6.405232783032454,7.341792855089756,7.7121731930489945,1.2040426092676355,1.7405468955646282,1.7489249254503005,2.1346254645572738,1.2264107735315042,101,3.382669382863051
Arf6,2,3,2.983928835241256,3.0406834804117997,3.297673350967409,1.105144771557793,0.9985782010906702,1.1334447297793817,1.1614288053343127,1.1630824747283421,303,2.3834054606505073
Arfgap1,2,3,2.7998194171741426,2.9317857904967086,3.435399696523613,1.2270075975081856,0.7560152367871247,0.7570176711970267,0.7900051739873546,1.0449593282599416,202,1.992459724897663
Arfip1,2,3,2.1722494302869126,2.3052528757801953,2.6104589421760966,1.2017307523617602,0.88974334067985,0.9903356275207409,1.0836029889830674,1.2178826628307102,303,1.9606999810588863
Arhgap1,2,3,3.696921742972817,3.9211205955388606,4.110624720015688,1.1119047158164073,1.2693665039129531,1.317775918937103,1.4015070808435448,1.1040996249099488,202,2.6955641270451816
Arhgef25,2,3,4.097653828839867,4.5487460541381655,5.0965071614796,1.243762253807206,0.6964440051476223,0.7865644750676977,0.7996272273697007,1.148157240868499,303,2.370987844421235
Arid5b,2,3,3.0602568301039765,3.1028462835098125,3.6965670402650623,1.2079270615138098,0.7881068434044921,0.8375875688335788,0.9856880443753587,1.2507035722686384,202,2.155190401673986
Arl2,2,3,3.441644436979507,3.7724345913682313,4.142740387604803,1.203709582283462,1.1401222342707746,1.147375031440491,1.16389736974934,1.0208531460609327,202,2.483636571014455
Arl4c,2,3,5.153986566319943,5.839004093138824,6.248627110636085,1.2123871551139371,0.4690092483926566,0.5060451076389125,0.5328110205157401,1.1360352111216119,101,1.9673968240640232
Arl6ip1,2,3,5.475636575112649,5.62603643732627,7.0334024768661365,1.2844903748422054,0.6513061088247281,0.709131788648216,0.7187888468954585,1.1036114004711273,303,2.595056308707386
Arl6ip4,3,3,4.366350711384529,4.684590272785387,6.32829655471384,1.4493330868301224,1.4995805596154106,1.532461837097041,1.5561233538419412,1.037705739690992,303,2.910594744063458
Arl8b,2,3,2.8707643469652777,3.4714828433812706,3.5488053876317256,1.2361883313004127,1.1416597939587694,1.2585865499873308,1.291607026268668,1.131341432100318,101,2.4501406528300103
Arpc3,2,3,3.417010247190552,3.451882395881935,3.960557754844593,1.159071079198824,1.4749006498265027,1.6122656195756708,1.7248301413093132,1.169455136867836,202,2.6758573050246794
Arpc5,2,3,15.027383003415594,15.113352417327611,15.592011822921393,1.0375733299256074,1.4254294780009955,1.5887153104227607,1.6216362848483736,1.1376475019462458,101,3.9658084759867585
Arpc5l,2,3,2.1661516609937026,2.302959360856357,2.839040037760598,1.3106377032059768,0.964088269941835,1.0741848907983835,1.2286044247783037,1.2743692285068744,202,2.069086504953262
Arpp19,3,3,13.921622800972157,14.628098666291647,15.081729400254602,1.0833312765234118,1.3122090337408132,1.4174106573120524,1.4592373680646904,1.112046427469511,303,3.871985254142734
Ash2l,3,3,2.7799822640863185,2.8009015285390126,3.2168312118339144,1.157140911793253,1.079534052961941,1.3315236534921286,1.3753611398920835,1.274032195759342,202,2.326293599911996
Asns,2,3,8.942644333544415,9.691988072583584,9.781721819087528,1.0938287886946014,1.2252442061082862,1.2326202382751312,1.2672887900577756,1.0343152685316788,101,3.4296313647448615
Atic,2,3,2.3232156885904427,2.854652576949973,2.9833383580006574,1.284141792194391,1.0196022378170024,1.0205989649632534,1.0234041439252028,1.0037288130284419,202,2.1820735312387565
Atox1,2,3,5.211355857280078,5.404212320338007,5.750813718032768,1.1035158364783488,1.6686106670872423,1.8543016647498503,1.8688713194518387,1.1200164042545497,101,3.1761557432178824
Atp13a3,2,3,2.23907315072,2.564760354300666,2.7109463412445076,1.21074487466958,0.8488213959262383,0.9922442912299821,1.0476520746076095,1.2342432455586325,303,2.0344888903073515
Atp1a1,3,3,5.869103434795236,6.555563877365901,6.809738727276935,1.1602689921777662,1.4459213484161262,1.5734821639643715,1.6388327999944317,1.1334176660366915,202,3.2546537809503677
Atp1b3,2,3,4.416204457891358,4.6534026688724515,4.860733986053744,1.1006587290966685,1.350374879496145,1.3792802641081152,1.4489743438935723,1.0730163644885167,303,2.9260775290649392
Atp5c1,2,3,12.072165375110572,12.603286553245116,12.948509395497064,1.0725921152632045,1.554287135086907,1.6545955936051155,1.8419589080862657,1.1850827729995164,101,3.8848872246109463
Atp5j2,2,3,6.770205796449139,7.080719552686355,8.091891693059626,1.1952209336536992,2.0465119232305713,2.40709087754713,2.4574176081073325,1.200783430681467,202,3.5373109441268236
Atp5o,2,3,5.584541532102302,5.587700839800827,5.605779090013951,1.003802918787436,1.6414959697228444,1.843885140309107,1.977394934910043,1.204629783674652,101,3.2457550174253096
Atp6v0a2,2,3,2.7514918453579735,3.162795577430187,3.460068692625413,1.2575246037755392,0.6861624255291453,0.7177627311629341,0.7358850250962794,1.0724647659463278,303,1.9717151385421547
Atp6v0b,2,3,4.519878298142021,4.559681255306533,5.255780722672649,1.1628146547293396,1.4069585597545382,1.4551947952013846,1.5150026594500343,1.0767926666684098,202,2.909668827349841
Atp6v0d1,2,3,2.2071235511885803,2.295808034466478,2.7594043225474585,1.2502264864427113,1.2171291669674933,1.2621534789004658,1.297351203550751,1.0659108653053915,202,2.2017427557673654
Atp6v0e,2,3,9.852136994182743,11.017367720304637,11.717469948952308,1.1893328275754755,2.119884188413464,2.1991308186735354,2.6175007305594793,1.2347376073022345,303,3.8964092237080457
Atp6v1a,2,3,4.61434276779919,4.819289676755547,6.281690945065736,1.3613403384122214,1.0280877445703365,1.1779676998496584,1.27918797864558,1.2442400810644665,101,2.853274292952777
Atp6v1f,2,3,2.6233677268267455,2.6331848389538552,3.1075211532753766,1.184554159715256,1.352307981371666,1.4422200353830215,1.45472368277403,1.075734006463884,101,2.213440327227241
Atrx,3,3,5.678021212926116,6.433079237097969,6.638948167492848,1.1692362389170305,0.9340625444137497,1.045223935324529,1.1743138028789804,1.2572111042264529,202,2.3771886137066565
Atxn10,2,3,2.9383284516741996,3.098786053064993,3.564420511306615,1.2130776289749639,0.9890143698382684,1.136965855372045,1.2533585152797428,1.267280388943896,303,2.3426239769393185
Aurkaip1,2,3,3.1380351340586263,3.575865838450702,3.896108063299553,1.241575666573389,1.4017367651150456,1.4624598056992326,1.5824429796521737,1.128915941305354,303,2.7144999284049174
Avpi1,2,3,4.110907098424563,4.371400550385203,5.224130304550966,1.27079746135665,0.8683944573624522,0.956333423563195,1.000878171545504,1.1525616763900595,202,2.5751635411987692
Axl,2,3,7.74774656809515,8.89758875747676,9.291167559111335,1.1992090187064093,2.045051394557335,2.1645172405467474,2.206645854315419,1.0790173098769784,202,3.7624933779144922
B2m,2,3,5.780363198031326,5.833160852853357,6.075418619561354,1.0510444433025452,1.5408831950119657,1.6214620164986207,1.8685120183162751,1.212624048574795,202,3.1154665896112133
BC004004,2,3,3.695194008526367,4.036594035077306,4.383476724061317,1.1862642973404893,1.1883870961046283,1.246836731167891,1.2874289117469948,1.083341375858937,303,2.6875234187344916
BC031181,2,3,3.441937001148689,3.787319699456352,4.308619422086822,1.2518007798076758,1.3014339585054246,1.4206239519410235,1.557073974866809,1.196429495857756,202,2.6626108538953663
Bad,2,3,2.46356781472814,3.1273470222498116,3.302891311266553,1.3406942936665351,0.7833829231519351,0.8557655925720115,1.0827456501016162,1.382140991464554,303,2.0495375483333973
Bag2,2,3,5.506907843488114,6.592441775446715,8.019343286332695,1.4562334279509546,0.6859919328006553,0.7455239031424882,0.9023126068063451,1.3153399678076843,202,2.635899990089503
Bag3,2,3,3.574294964447415,4.082640510034079,5.32059394751579,1.4885715925625496,0.6285102277822854,0.7531263523394085,0.7738196830005727,1.231196643738027,101,2.3224261477040655
Bak1,2,3,2.701056029569924,3.5009601770330336,3.8969442386780564,1.4427483902651763,1.0429125678986875,1.0549349284755647,1.1461620215796737,1.0990010638082715,303,2.329241602018406
Bax,2,3,10.948369688395069,11.38767218688899,11.430326854302981,1.044020907187558,1.605408614948282,1.7271290521607403,1.8038072106500047,1.1235813697861052,202,3.899121491813338
Baz1b,2,3,3.0595237918491303,3.656274296369592,4.080361475763086,1.3336590114558242,0.5756576351656854,0.6238383549764427,0.7346225738344215,1.2761449322616611,303,2.0014363435279026
Bbip1,2,3,3.188803761678533,3.380312549234622,3.7443521641497557,1.174218435498455,0.8850046877840635,0.9893396854225786,1.0032838274981934,1.1336480375152425,101,2.4055316662574957
Bcap31,3,3,11.185193540091404,11.891474203338793,11.994073992681818,1.072317072538005,1.1564726065830824,1.1687689127853595,1.285405308143548,1.1114878993471453,303,2.7427980422084834
Bccip,2,3,2.1366858242094997,2.504503609674597,3.157666904282356,1.477833974702661,1.053492826455234,1.1251986697906124,1.3007513200736804,1.2347035379922005,303,2.201402775865582
Bckdk,2,3,3.006950528820287,3.1491577707570095,3.4352484974321187,1.1424359877247017,1.2097177025455683,1.2486302419168067,1.2744791288396669,1.0535343296686683,202,2.4148764673957146
Bclaf1,2,3,2.8675097223684136,3.326813662543809,3.6229267903937306,1.2634401069794392,0.9695504619019504,1.0400623966289801,1.0465272135579444,1.0793942705209898,101,2.3736643566173212
Bicc1,2,3,3.1353969407740463,4.059957673664822,4.1433320589061875,1.3214697013397316,0.7163064685144724,0.7409891327942759,0.8845525573062627,1.234880035553373,101,2.2507068924641818
Bid,2,3,2.961607483796448,3.355817806905496,3.6099899870608168,1.218929249339016,0.8122446387154476,0.8335356628580972,0.8379532144022688,1.031651271626094,101,2.2311528331296033
Blvrb,2,3,3.55474852245974,4.158449455557582,5.945476773498328,1.6725449735567517,0.618819999690351,0.750597754151683,0.7612163721769626,1.23010951901662,101,2.4696218682320037
Bmp1,2,3,6.439832277127793,6.846737245107335,7.467779846390854,1.1596233449920736,1.1093275754976857,1.2261781234565816,1.2796461666086933,1.1535331807059754,202,3.1511740687749885
Bms1,2,3,3.0349765484343854,3.1109673408816687,3.2602727716620494,1.074233266594394,0.799035684112307,0.813417059494373,0.8415071202189724,1.053153365927392,101,1.973592838063002
Bola1,3,3,2.7862206426080576,3.2133336724524724,3.641003274782074,1.306789282622604,0.9139336936858561,1.0187356802528997,1.1595645026970205,1.2687621768495543,101,2.193593866229071
Bop1,2,3,3.1899010701270574,3.830115188443414,4.005386333371411,1.2556459417758281,0.595633833591274,0.5991885828177159,0.6809758540069073,1.1432793364021616,303,1.9820704956127921
Bsg,2,3,28.038078699195545,28.22890298763116,29.057691143633818,1.036365275073842,1.7099013221392247,1.9451066933732393,1.9626420827310354,1.1478101439652737,202,4.794586490602771
Btf3,3,3,6.624810573959043,7.796112807601735,8.882082267395097,1.3407299979729215,1.2645828594514303,1.3285038386850083,1.3752414100127512,1.0875059706323427,202,3.023746639923913
Btg1,2,3,3.35171218041592,3.486692950335256,4.19135697781087,1.2505122015849097,0.7961134164070941,0.846518794927916,0.8559141412053574,1.075115835967377,303,2.1612825908230318
Bub3,2,3,4.476184262704796,4.64059075870825,4.904142201491958,1.095607757337622,0.8808244551343005,0.9926963585270187,1.188966266602687,1.3498333971908212,303,2.703818784825106
Bud31,2,3,2.5054889449659203,3.30235008394641,3.5615790632429096,1.4215105879428873,1.4006835235863344,1.4020339852796515,1.5881099637206404,1.1338106981185987,101,2.529342962584719
Bysl,2,3,3.07383432326897,3.183225757536294,3.446531698744244,1.12124836158343,0.7935043037099425,0.9015235197741935,0.9025583629423978,1.137433481737383,202,2.0882120793233145
Cald1,2,3,23.5472902194198,25.064567640277794,25.373842204514492,1.077569519383097,1.7308270607199898,1.8452990991037153,1.885373250169541,1.0892903704574985,202,4.487773307223441
Calm1,2,3,7.115863297472896,8.186100799338933,11.745493689860998,1.6506069887587995,2.040901947263533,2.395629360735501,2.961208964501509,1.4509315199938613,101,3.741563859593231
Calr,2,3,16.757820798679127,18.400245230984478,19.860043069407567,1.1851208643413207,1.6761648402301728,1.6877876320879224,2.1415683860612513,1.277659771080253,101,4.226316165430162
Calu,2,3,9.517862311861206,10.857995796021457,11.323122897214253,1.189670802770841,1.6804213055039543,1.8469075380056725,1.8967448438888692,1.1287317279758244,101,3.7611296977743653
Cant1,2,3,2.52215764026212,3.039971690306569,3.3438309355591884,1.3257818949063287,0.7403253296501578,0.7420557336578272,0.8146862749608278,1.100443605442771,101,1.936219411943373
Canx,2,3,7.552694245278644,7.763203091487638,9.510183553300335,1.2591776185359762,1.6626838940699347,1.7372271534215455,1.9510802772821425,1.1734523226217513,101,3.5505058386407824
Capg,2,3,8.03438375570853,8.887371267925747,9.242073936427133,1.1503152223542377,1.3262181802325224,1.3312196438569768,1.3808082005971527,1.0411621716383492,202,3.5064178919581552
Capn2,3,3,6.379973408559696,6.833322823839705,7.353623733407561,1.1526104048555386,1.749373943999616,1.938368034361375,1.9541590564222253,1.117061942716722,202,3.504200869952013
Capns1,2,3,6.094678667210321,6.32351449974632,6.500664356728516,1.0666131410179864,1.608131498340052,1.6081533111810768,1.6393368685683096,1.0194047378964148,101,3.2883680986435317
Capza2,2,3,2.6106930487552993,2.667191366260176,3.1911503505235683,1.2223383947971262,1.2088369198034652,1.36498151594974,1.4104018894497994,1.16674289670033,101,2.250739642808722
Cast,2,3,3.1062126575792064,3.1911614815133245,3.2404302845342046,1.0432094134403531,0.8289089531719275,0.8436257085207838,1.119050019602784,1.3500276662721449,303,2.160041087678144
Cat,2,3,2.507177547637293,3.0525871638285507,3.5360723383074744,1.4103797083057754,0.8674110111155016,0.9314229797375604,1.1457967056781224,1.3209386219395731,101,2.2495797445672054
Cav1,2,3,8.51275865646872,9.334833658052451,9.695142664255533,1.138895516189495,1.4763723475078605,1.6273351190842311,1.825078437248564,1.2361911548460827,303,3.651798044730964
Cbfb,2,3,2.78266309801255,2.903413630420567,2.9152277291723645,1.0476394829307565,0.9715712056449082,1.0228478718011644,1.0254053798687097,1.055409396564061,303,2.275055102581296
Cbx5,2,3,4.939065124932379,5.401907504062244,7.031668379435003,1.4236840781748699,0.7256791567924281,0.7535643221279225,0.8109609099840671,1.1175199155072781,303,2.4985667956094106
Ccdc104,3,3,3.948612554871985,4.403412291668799,4.572233126687208,1.1579341004337764,1.2888822707497771,1.4060452118900837,1.4415307753573543,1.118434792743931,303,2.7872331567675843
Ccdc109b,2,3,3.9711119325621773,5.133589561257426,5.970907755800939,1.5035858613908384,0.5146702428387753,0.6595836606220469,0.6713117923488995,1.3043532275076442,303,2.277100638662391
Ccdc50,2,3,1.9913830458521093,2.3689499480863443,2.791240677959024,1.4016593561810993,0.9267136160086238,1.2344799204347514,1.2783139747325765,1.3794056250498437,101,1.9829135535569047
Ccdc55,2,3,3.102288550623103,3.371568706397388,3.502371116081261,1.128963685656449,0.7738160916719673,0.7942766283096073,0.8206814075334914,1.060563894142164,303,2.188148851738985
Ccdc80,2,3,14.516249885479619,14.530666268143131,17.026106041000663,1.1728997623574677,1.2720594369919958,1.35935015207079,1.476752405483654,1.1609146259515122,101,3.9396668423829575
Ccl2,2,3,48.30818977899555,58.10169110946629,58.94487450178668,1.2201838812725698,0.6312247580393142,0.7007158538988377,0.7033042589293269,1.114189914086867,101,4.743014331622858
Ccl8,2,3,35.20236382907549,36.574177123981016,44.54498475840445,1.2653975447413677,0.2700468459576585,0.2716301116676921,0.3080378827415368,1.1406831346211503,101,2.8484012789294715
Ccm2,2,3,1.7772570818936053,1.8863064241803686,2.0641745849581095,1.1614383793923633,1.160858335290431,1.264447841110597,1.340736802175388,1.1549529872996553,303,1.9225776299237283
Ccnd1,2,3,7.961590706379368,10.138773321699661,10.942748855581147,1.3744425277743897,0.4731083226759808,0.516938089882564,0.5337538629451861,1.128185316897796,303,2.5807162071221366
Ccnd3,2,3,2.435545306075234,2.759191144712052,2.9489845528452454,1.2108107968631445,1.002656704546535,1.13908676617857,1.1536763219464934,1.1506194659798927,101,2.2751456332172086
Ccne1,2,3,14.271048557000416,17.652908197198865,19.00814278897236,1.3319373634706222,0.40131302611325004,0.41336682916561857,0.47729576620538267,1.1893353446012749,202,2.950182175214036
Ccng1,2,3,7.6150578959613275,9.548426882403426,10.534589330735221,1.3833892630445104,1.5065036408847796,1.660041350184043,2.375289246612943,1.5766900139835838,101,3.7118783895537777
Cct6a,2,3,4.574463824465663,4.85129635554846,5.850739070754894,1.2789999648621797,1.3510551488316023,1.4133073530174332,1.573134093967102,1.1643744486134073,202,2.9937418005261924
Cct8,3,3,9.636279022317575,10.645490478262573,10.775943548130263,1.1182681119105444,1.7948215226261022,1.9744097971735206,2.1090938385502103,1.1750994803451427,202,3.8659122050750034
Cd164,2,3,4.3484414465114325,4.476920654894698,4.884100104546577,1.1231840567762228,1.612136055533442,1.775373501460826,1.9661255417703611,1.2195779227329464,202,3.0052753917044086
Cd248,3,3,7.3268354918610665,7.97470709405153,8.908458623763122,1.2158671548800275,1.2257298370833436,1.2691349714092819,1.269644224575035,1.0358271343024388,202,3.269976505606826
Cd44,2,3,19.185014327709524,24.27653407897608,26.192104451567307,1.3652376800020014,0.9633614418563026,1.0193881603004822,1.209576406601717,1.2555790112078624,303,4.023115953486645
Cd81,2,3,18.571543150956817,19.84749501557669,20.336029662012102,1.0950102259522994,1.6583520372297977,1.8791811142692338,2.0928298724504666,1.2619937295982369,101,4.368973629376345
Cdc16,2,3,3.2275164891765153,3.4112839040045673,4.2873672024583405,1.328379643244593,1.4636770960487262,1.7981134625088635,1.999438405265227,1.3660379127765385,101,2.6888160685486966
Cdc42,2,3,6.571260307132241,7.540879097940807,7.748215434355304,1.1791064532850164,1.6854762686241598,1.9239965016699876,2.0929594889570793,1.241761469988269,101,3.48929996399086
Cdc42bpa,2,3,3.3463398775597866,3.3475140208872176,3.826066224507037,1.1433585243878681,0.7052752273194798,0.7229653747553524,0.7992105485072223,1.1331895940039747,303,2.1371348253617914
Cdipt,2,3,2.4994030082063534,3.0771365826792714,3.84200192335715,1.5371678399772295,1.1984970611397767,1.2981973968057456,1.4040346710966587,1.171496131798116,101,2.4869900340014537
Cdk1,2,3,18.657860296209176,20.00193977511122,20.95006630774686,1.122854709765589,0.3143804849850518,0.32072854111786253,0.3234436686311591,1.0288287094109492,303,2.4068177148976755
Cdk4,3,3,9.322397510063295,9.373325754176559,9.607984135834844,1.0306344613028209,2.0631458088512744,2.1333009581592557,2.469210720761971,1.196818329644276,202,3.91104629807617
Cdk5rap3,2,3,2.9325805119069464,3.8453413147386133,4.305950567539362,1.4683145271054692,0.5979272699112403,0.6397253784029179,0.798546145300666,1.335523876372467,101,2.1415930908905336
Cdk7,2,3,3.8477413328897514,4.320935300612734,4.531999415746483,1.1778337012958293,1.036272803224632,1.0934940375825994,1.1343024315385137,1.0945982833949102,303,2.6201792716224204
Cdkn2b,2,3,14.02244818225298,18.155920724626924,20.635868341848884,1.4716309216222276,0.4839569565908662,0.6108558558605198,0.6612036194225982,1.366244684403979,202,3.222617156306021
Cfl2,2,3,2.9352514595093147,3.5611194445277383,3.5652887113940444,1.2146450689407213,1.333213596049169,1.5647444881591142,1.578720208174321,1.184146495994853,202,2.49020823174143
Chmp2b,2,3,3.121794985369303,3.549006241815562,3.980796757608179,1.2751627753470998,0.6655529093668946,0.821731301851815,0.8605799012926902,1.293030034398489,202,2.251810486221416
Chmp4b,2,3,3.6742509938943977,4.1685439842623415,4.690098542783779,1.2764774509355628,1.0828681032056127,1.1320698500043695,1.3750235465143745,1.269797810503324,101,2.7024956017622292
Chmp5,2,3,2.129249225106127,2.63038571305225,2.8388032641918244,1.3332414217740678,1.1010370108202656,1.2089710824798547,1.2411171830962646,1.1272256707988773,202,2.2554399167166865
Chst12,2,3,3.942245827284942,4.444026327942141,4.990309200652414,1.2658543934814135,0.684976049850665,0.6863155847714171,0.8372297644171447,1.2222759680424933,101,2.3623122312991782
Chsy1,2,3,2.0124327322786204,2.0330915461193544,2.1776882862086953,1.0821173057262692,1.1895609039490436,1.3895508920291322,1.4040667265755251,1.1803235310730003,303,2.0759688052106906
Cib1,3,3,6.489185155792854,6.8407515152112826,7.521979091007777,1.1591561822354468,1.655256707752734,1.6559927191735466,1.8548188784646433,1.1205626715041956,101,3.435530781532348
Ckap4,2,3,5.15097525923925,5.176499411802517,5.259894140840327,1.0211452930987603,1.447399586741288,1.456157993506439,1.6012186196416678,1.1062726798524876,202,3.113852193088251
Clic1,2,3,7.833231049896822,8.15176703408964,8.202304724098683,1.0471164034165343,1.3383135029353341,1.4496482670620832,1.4827316438054006,1.1079105460367193,101,3.455987195917392
Clint1,2,3,2.541118359397048,2.5827721004371815,3.2017526945879378,1.2599777899946556,0.8073791027046178,0.8611704700215062,0.8877831357155347,1.099586467796322,101,2.006103714254855
Cln5,2,3,3.535666422917047,3.689495073807817,3.9081590210213357,1.105352868044879,1.461940978986809,1.468194517202646,1.482002423230838,1.0137224720644553,101,2.603529234751866
Clns1a,2,3,2.1234590828237017,2.3053915958818645,2.816663716767281,1.3264506670040375,1.0036074553455434,1.159425530859545,1.2339273626223524,1.2294920250443033,303,2.1821332197058627
Clpp,2,3,2.851867940935219,3.329356009509239,3.4203576134759324,1.1993394099287387,1.1580855133914356,1.1766936873404457,1.3426967836635524,1.1594107413808203,303,2.536366287732391
Clptm1,2,3,2.7991939160705983,2.8472455558772545,3.6121547480605103,1.2904267644062029,1.279396388058859,1.2932284988009322,1.3473972282486284,1.0531507207808695,202,2.4494790036586185
Clptm1l,2,3,4.091667921241102,4.121557252199437,4.585950749980669,1.1208022836295177,1.567749478279466,1.5933479887212971,1.6750083652474532,1.0684158333037361,202,2.8910476764897566
Cltc,2,3,4.080847621548559,4.229931150880541,4.5881344395371695,1.1243091791298276,1.2219557956291278,1.4888580551693047,1.5333957245492418,1.2548700452455959,101,2.824522133183414
Cmtm3,2,3,3.211438831321126,3.3146516281272564,3.7142376265382606,1.1565649609493862,1.0209209932481222,1.047882513714264,1.2822609677290708,1.255984523983075,303,2.4754991687015
Cnn3,2,3,4.866967851344482,4.897024295706529,5.238016614487031,1.0762381783639783,1.6422661671981795,1.6747425052513365,1.8546943448800175,1.1293506387239622,303,3.0517098180611164
Cnot4,2,3,3.3585210783205173,3.6979791742364028,4.224505446406829,1.2578469355682473,0.6262331332138171,0.6444921818897942,0.6644126391182317,1.0609669209108723,303,1.9509373186753245
Cnpy2,2,3,3.112721720457861,3.4456077591249836,3.9999582953209165,1.2850356230150084,1.2667904166178934,1.2738845127202099,1.2860332840751239,1.015190253419035,202,2.502268543664205
Cnpy4,2,3,2.608058000063122,2.7027458121224956,3.0332798969317087,1.1630415799258662,1.2286120742711952,1.2818108271443571,1.308062022372859,1.064666423003203,202,2.3947181756385794
Col12a1,2,3,12.33810515610849,12.418663307244673,13.702875142013198,1.1106142287358463,1.1482268252583712,1.1898411567276779,1.2022643613830752,1.0470617259029327,101,3.683887592622814
Col4a1,2,3,20.360672960540445,21.47362649356683,23.77270657119935,1.1675796088504307,0.8066181211118362,0.8694213019122918,0.932919766246099,1.1565817105127387,101,3.8887406587222793
Col4a2,2,3,7.823382343065031,10.137638769734266,12.345366234381745,1.578008806552218,0.8875960452572621,1.1866799852131715,1.192262168449045,1.3432486262413192,202,3.2528593853343333
Col6a1,2,3,11.670690384686297,15.695838484411127,16.33187663074122,1.3993925031351273,0.7886543245240145,0.8755244896818694,1.0177809626122045,1.2905286016487356,101,3.410965533873751
Col8a1,2,3,11.769090605858189,14.27283107658231,17.143131235998286,1.4566232693854113,0.4566805865990299,0.48533382774468803,0.7624505137927248,1.6695487747154094,101,3.045339137472986
Colec12,2,3,2.9946295463520576,3.1751739915449484,3.4668725401194407,1.1576966320734567,1.1415710521762086,1.2390523006318037,1.2617674686210205,1.1052903507106966,101,2.445134716186137
Commd1,3,3,3.3641524938953533,3.480866301684424,4.20053479070817,1.2486160476763553,1.0660343201896616,1.2045123006105685,1.3120289247281776,1.2307567400782653,202,2.387257256666442
Commd3,2,3,4.2809211951235175,4.5374725051723,4.593110294561282,1.0729256823959725,1.6488240745797897,1.7615419084658765,1.8437184353338367,1.1182020348676172,101,2.967406656449671
Commd7,2,3,2.6683936362867327,2.865261680503248,3.1044330112179397,1.1634089397462317,0.861181672522524,0.88640245202267,0.9472866851982015,1.0999847249691967,101,2.1796374282716147
Commd8,2,3,2.5219193196393666,2.5445130340374655,2.9751435666392476,1.179714015222617,0.849715913368835,0.8567876661713246,0.8628163362076972,1.015417414965107,303,1.9480438203684194
Comt,2,3,3.9543625584736497,4.488428860787622,4.588415624420725,1.160342673837124,1.334835892128073,1.39676165283534,1.5077021706506277,1.1295037686220448,303,2.864810141711181
Copa,2,3,3.1413343805115685,3.5622592168618707,4.012261703758247,1.2772475699020769,1.269965226331431,1.3600315540797132,1.4148490858799918,1.114084902912727,202,2.5822065863607784
Copb1,2,3,3.2093369563565726,3.2280362894397165,3.824911569569204,1.191807411182984,1.2959115586078163,1.390880626204307,1.4361525193681315,1.10821800286354,303,2.651330822495483
Cope,2,3,3.3018571194899353,3.492390473639476,3.605858875279944,1.0920699305840862,1.412879688956696,1.5164410646565294,1.533492857367273,1.0853669065762002,202,2.4950352099849087
Cops3,2,3,2.524129904559329,2.5860121926272557,2.844161529164209,1.1267888883320971,0.8280727505337292,1.0078612878884858,1.174163119123224,1.4179468148981167,202,2.068559277216904
Cops5,2,3,5.355192962980951,6.053775728328062,6.3552718962991275,1.1867493739686807,1.504946125886186,1.5262517165639684,1.548022286741986,1.0286230584037914,202,3.2574524172736803
Cops6,2,3,3.1436170583675516,3.3100165337234233,3.5327213237045054,1.123775974653545,1.4218889428213075,1.4338824596845599,1.6286928120510746,1.1454430532524063,303,2.412413264898641
Coq10b,2,3,2.7701205356755647,2.974892337309341,2.976816991188189,1.07461641212021,0.8132571858278158,0.8388790947638459,0.8869495120394335,1.0906138027376988,303,2.000301103641456
Coro1b,2,3,2.673505923094964,2.7041517304889067,3.4916010940169135,1.3060008821580944,0.8898890904717545,0.9044994111260162,0.9436903352233437,1.0604583709674065,202,2.0830597939341464
Cox5a,2,3,5.485341704545672,5.898013679532198,6.88241334964429,1.2546918169092134,1.6197669687824519,1.9528954197607125,2.0181104046637137,1.2459263854359797,202,3.3396774134919913
Cox6a1,2,3,15.254272902702526,15.884077923757062,17.943132752411085,1.1762692897169937,2.0485993067369432,2.6822014886686487,2.734194965180665,1.3346655718319824,202,4.403350023400799
Cox6c,2,3,5.3889225422625735,5.938658136083056,6.96130697912353,1.2917808568465303,1.7691935511936536,2.132675680933234,2.657963214815525,1.502358638500705,101,3.3880578737317513
Cox7a2l,2,3,4.0007710982858775,4.053842325512363,4.282116045474004,1.0703226803724584,1.371001237012762,1.3934595591107728,1.493050866992184,1.0890222610195106,101,2.610348197369702
Cox7b,3,3,9.690225799973216,10.855172267316894,13.761465292241972,1.4201387641844228,1.3571444131447432,1.4449324048642807,1.4547561291889022,1.0719243398850793,303,3.564706889606975
Cox8a,2,3,9.356731398720278,10.856859654392881,11.276793976393726,1.2052065508619876,2.201087882070159,2.665807195013565,2.723776284308504,1.2374682112859337,202,3.961951696446258
Cpe,2,3,6.242853973488326,6.638955193148302,8.35221380413327,1.3378838972692315,0.9726711413522062,1.1694865807450174,1.2732771698394167,1.30905206878998,303,3.088369205867841
Cpsf2,2,3,2.853791307027199,2.8582484238351253,3.166702300436682,1.109647468838723,0.7296491076119955,0.8424511407258759,0.852408083335206,1.1682438509723907,101,2.0194756632352298
Cpt1c,3,3,2.8375353967968566,3.057622082352522,3.3372978289545108,1.1761255322917943,1.2723823274806692,1.31694161524187,1.3765134657693165,1.0818395037715025,202,2.4717760166072744
Crip1,3,3,9.218642895421555,10.829840813947712,13.500071102039465,1.4644315063711042,0.8976356871818084,0.9335552427683912,0.9786052400882518,1.0902031348159218,303,3.0043391778402726
Cryab,2,3,8.641011747281496,9.559640760912133,9.780669331549603,1.1318893686988274,0.9995776193213313,1.0705064401946924,1.09393911194947,1.0944013659411522,202,3.3656233530025954
Cryzl1,2,3,2.3972912651077003,2.4604658657815817,2.612930012626156,1.089951000388252,1.1779001574324635,1.2383293178295012,1.2432716947303355,1.0554983687584916,303,2.24082632567005
Cs,2,3,2.6127705240007146,2.6294516985898206,3.456519703482115,1.322932753462573,1.0954304495522544,1.3469929028329388,1.3576850337082447,1.2394077910315384,101,2.2319730738658823
Csde1,2,3,4.097915778608183,4.403080548848538,4.430405259402133,1.0811362406542375,1.4935747309166398,1.5312631377112251,1.6729963667937158,1.1201289980093336,202,2.806327765799477
Csgalnact1,2,3,4.522306515022624,4.531120587648566,5.141780370498027,1.1369818373472864,0.9523654936452766,1.088833506072128,1.106607778577646,1.1619570280124192,202,2.674727149819774
Csk,2,3,2.8355393975911767,2.8604381547170266,3.2736622545651097,1.1545112924003538,0.7746424455510759,0.7752351884443088,0.8772583586892463,1.1324687457129594,101,2.0381792145438338
Csnk1a1,2,3,2.0528527985473612,2.263421413030628,2.404848442433423,1.1714665776986741,1.1395203607353812,1.2781896911533894,1.3216845997692226,1.1598604512132482,101,2.0418402016886774
Cstb,2,3,7.194949590251218,7.318967116472456,8.759203220563744,1.2174099499504498,2.059489907627149,2.437166431959076,2.5671387656047537,1.2464925203554382,101,3.6712259040441917
Ctnna1,2,3,4.357014184335834,4.64895244506289,5.118900190552595,1.1748642473912212,1.395393143448875,1.4867605466047085,1.568568376387458,1.1241049762582038,202,2.9909149177181327
Ctnnb1,2,3,3.7806003332973726,3.9014131335709705,4.175239727417814,1.1043853778048642,1.3777341813050785,1.7075360854074075,1.7369284096565905,1.2607137379804716,202,2.8168188197153943
Ctsb,2,3,18.167014028790447,21.11397476429485,23.596606257596985,1.2988709217817473,1.8024559789074226,1.9572112869403733,2.025287927659664,1.1236268465692645,101,4.408533496492251
Ctsh,2,3,4.279414780503877,4.9409184067666905,4.97135426812961,1.1616902130585858,1.1423255950272886,1.1944683826367108,1.247314561087034,1.0919080921558422,303,2.781144363777757
Ctsk,2,3,3.0591453892366687,3.4440255497351173,3.6296685354286486,1.1864975585009183,0.7266673701444625,0.783927828299329,0.7958977467596154,1.0952710682487228,202,2.166664403986082
Cttn,2,3,4.951379524493397,5.177118895749846,5.28168493023012,1.0667097733273674,1.3890214949774051,1.5009459905952245,1.5330435234139441,1.1036859609137162,101,3.094083112596311
Ctxn1,2,3,3.4151869455697166,3.4732714432262908,4.579443300176027,1.340905599945742,0.6569050129867868,0.704888236844972,0.777254305947724,1.1832065375993073,202,2.0285992106294617
Cul1,2,3,2.9574643839098167,3.1029381189944845,3.186610471012645,1.077480590586147,0.8580576985552228,1.028063121491431,1.050555509678299,1.2243413367739715,101,2.212595905813497
Cuta,2,3,2.265749393794325,2.3624427494863856,2.421057279335864,1.0685459239079629,1.1704576636671475,1.1941020185156332,1.2574188358676661,1.0742967258875997,101,2.2108461711830367
Cwc15,2,3,3.516851696899427,3.538904332792859,4.349369149519629,1.2367223654481014,1.121494918191752,1.133210230562563,1.2412524319470248,1.1067838220331525,303,2.544833684369669
Cxcl5,2,3,46.20904868782867,57.43488737026965,58.353196039839986,1.2628088588028008,0.4881643380847367,0.5348414938430406,0.5422703471518546,1.1108356445687888,101,4.34212456745401
Cyb5b,2,3,2.9448092819249583,2.9572658187576257,2.9826811929147476,1.0128605649344575,1.12576829399569,1.2427156770838639,1.266748456856061,1.125230177126405,202,2.3088124974778754
Cyfip1,2,3,3.1797887193750283,3.443761944721476,3.8681569999600094,1.2164823959499662,1.2128079376909555,1.2361374092951267,1.3716974333069187,1.1310096105723633,303,2.5714022511763712
Cyp1b1,2,3,29.81047022423328,35.294082872937054,35.94066348149861,1.2056389319307692,0.30974007792618286,0.32653371749765264,0.3382656619221628,1.0920952309012402,303,3.1394038203986043
Cyp51,2,3,5.42221227852009,5.753683385277673,5.917689448162693,1.0913791537829345,0.552803915832276,0.6500296945200412,0.682624801053586,1.234840748235037,101,2.5469304986968897
D17Wsu104e,2,3,6.263431893116775,6.379386532344925,6.896396764443027,1.1010571970969865,1.2438893737663417,1.256812866995219,1.3043253854420358,1.0485863236315793,101,3.139224719698808
D17Wsu92e,2,3,2.4806948238880384,3.13859272599252,3.63089749726529,1.4636614960862127,0.6716780128609877,0.8421831634801435,0.884753118121149,1.3172280485296455,101,1.9572410465890078
Dad1,2,3,7.766301060194318,9.214415767480343,9.824718614664775,1.26504477981426,2.008001168849529,2.4933656207612747,2.662568332461592,1.3259794734019466,303,3.726701440651742
