gene_idx,correct,y_true,delta_bic
0,1,0,-8.646033408378116
1,1,0,-11.911532107862513
2,1,0,-12.025065343083043
3,1,0,-8.16418347251647
4,1,0,-12.67604004360419
5,1,0,-11.92118642929654
6,1,0,-12.312120288706865
7,1,0,-12.356631818877304
8,1,0,-12.95730360929474
9,1,0,-11.955218660515357
10,1,0,-11.542682044712365
11,1,0,-10.252557220543167
12,1,0,-11.824145656690916
13,1,0,-8.521471890424436
14,1,0,-2.8792102340289603
15,1,0,-12.669425170876139
16,1,0,-11.92003921471769
17,1,0,-12.465043486182594
18,1,0,-7.136518214821081
19,0,0,10.774802880268908
20,1,0,-7.219360410964782
21,1,0,-11.3987326572651
22,1,0,-9.513128864478858
23,1,0,-12.143584687742987
24,1,0,-12.180204091930591
25,1,0,-2.976949321774555
26,0,0,28.444068354188857
27,1,0,-13.187798695666743
28,1,0,-11.964591329446648
29,1,0,-13.042752379648846
30,1,0,-10.21456314179386
31,1,0,-8.427678627029309
32,0,0,10.32890307503476
33,1,0,-11.707041339122043
34,1,0,-10.021215300475887
35,1,0,-8.160243373679805
36,1,0,-13.553477464269235
37,1,0,-8.717661116102136
38,0,0,4.693365352132787
39,1,0,-11.311895184685227
40,1,0,-9.05153096860704
41,1,0,-13.847940811581338
42,1,0,-10.22076559461766
43,1,0,-12.415992541007881
44,1,0,-8.746523639651514
45,1,0,-11.076232379511566
46,1,0,-10.905532229924574
47,1,0,-10.57265042881727
48,1,0,-12.41343630340225
49,1,0,-8.104464008386458
50,1,0,-10.919264346999626
51,1,0,-11.421768406556112
52,1,0,-8.945927582846025
53,1,0,-13.980243459573103
54,1,0,-3.916781727810303
55,1,0,-10.499220663491542
56,1,0,-7.720545964725261
57,1,0,-12.067366812143064
58,1,0,-13.228130272309954
59,1,0,-12.793445712982475
60,1,0,-11.499497943297229
61,1,0,-8.622184922151519
62,1,0,-11.666665109702535
63,1,0,-10.96724754591105
64,1,0,-11.704551621293831
65,1,0,-11.568435795548112
66,1,0,-3.852289993602426
67,1,0,-11.554786688175227
68,1,0,-12.038152164262328
69,1,0,-11.63427403536025
70,1,0,-12.369617250263218
71,1,0,-10.36121809498104
72,1,0,-8.142058090572846
73,1,0,-11.83288239666581
74,1,0,-8.256349676842547
75,1,0,-8.858383772544585
76,1,0,-8.603437990443581
77,1,0,-11.028590680107754
78,1,0,-12.66450558694919
79,1,0,-12.319791945868019
80,0,0,8.00068285327643
81,1,0,-11.00748805381636
82,1,0,-11.4417224369231
83,1,0,-7.0028502088343885
84,1,0,-10.929175188719
85,1,0,-12.292499379306264
86,1,0,-2.371584490389523
87,0,0,17.017944702985915
88,1,0,-13.102253268474215
89,1,0,-13.648948251903676
90,1,0,-4.099242606007465
91,1,0,-2.596099070969103
92,1,0,-1.7483443176520268
93,1,0,-12.60364463175165
94,1,0,-8.154932150620425
95,1,0,-12.795500844980552
96,1,0,-5.082316911302769
97,1,0,-10.401801427279452
98,1,0,-11.396669657222446
99,1,0,-12.925653913757287
100,1,0,-12.42026395298626
101,1,0,-12.845928238557917
102,1,0,-12.356697575210774
103,1,0,-12.1447021162503
104,1,0,-10.656573230775393
105,1,0,-1.6843221792096301
106,1,0,-7.4795257984415
107,1,0,-9.212505658325881
108,1,0,-11.881666575142845
109,1,0,-12.494518314705829
110,1,0,-13.2815724832858
111,1,0,-11.558727526733037
112,1,0,-10.662209032980172
113,0,0,4.802222412761239
114,1,0,-2.713188725139389
115,1,0,-12.778916556313106
116,1,0,-11.177152794778976
117,1,0,-12.00692980763688
118,1,0,-12.402069226049207
119,1,0,-9.905875840821864
120,1,0,-12.517106003706658
121,1,0,-12.073346522558268
122,1,0,-11.327989014986542
123,1,0,-7.879344827213572
124,1,0,-9.807171173422375
125,1,0,-4.032594939560113
126,1,0,-12.110271269948498
127,1,0,-11.939421202730045
128,1,0,-13.571939177855256
129,1,0,-7.706312242187323
130,1,0,-13.604972922498519
131,1,0,-11.889538089335474
132,0,0,4.642990689404542
133,1,0,-13.822269140461913
134,1,0,-12.724664481273976
135,1,0,-12.631350867604851
136,1,0,-7.392821808579811
137,1,0,-0.36769949647259637
138,1,0,-9.187460618907153
139,1,0,-11.40477179915797
140,1,0,-12.588439875713448
141,1,0,-11.89852737044339
142,1,0,-10.946424902900617
143,1,0,-13.192544317131023
144,1,0,-11.39440324506677
145,0,0,16.769192849076717
146,1,0,-10.267436542778796
147,1,0,-3.04382119930915
148,1,0,-9.87533514947063
149,1,0,-11.229549012258303
150,1,0,-3.685163337380345
151,1,0,-12.940459760510748
152,1,0,-1.8371858676546253
153,1,0,-9.109807277334312
154,1,0,-13.987513282319469
155,1,0,-16.355893784349064
156,1,0,-6.442090230876602
157,1,0,-9.935115427804249
158,1,0,-10.327176697993309
159,1,0,-5.348592941874813
160,1,0,-10.893483363733594
161,1,0,-12.07583052905693
162,1,0,-11.383971130501322
163,1,0,-9.641402812119395
164,1,0,-8.129299042343064
165,1,0,-7.971649995865846
166,1,0,-8.140785730542575
167,1,0,-13.315047616092215
168,1,0,-13.162972226682996
169,1,0,-13.821474269791679
170,1,0,-11.276500583066081
171,1,0,-11.907087586598436
172,1,0,-11.380359758170925
173,1,0,-9.044081879593705
174,1,0,-12.080696276564595
175,1,0,-14.39910856638221
176,1,0,-10.393142110477129
177,1,0,-9.901742343572778
178,1,0,-10.022580390096664
179,1,0,-8.771941010523733
180,1,0,-5.875440023162355
181,1,0,-12.941530822870163
182,1,0,-2.3433809246635064
183,1,0,-11.494172443392472
184,1,0,-10.726372208181147
185,1,0,-12.316212223149705
186,1,0,-11.084402308104018
187,1,0,-11.258910063369058
188,1,0,-9.764917340412467
189,1,0,-5.7888977845668705
190,1,0,-13.347630604012238
191,1,0,-12.12051419489626
192,0,0,11.029146678024063
193,1,0,-12.998206388546805
194,1,0,-6.779962419204367
195,1,0,-14.778016429057516
196,1,0,-10.985787183253024
197,1,0,-11.4669659273668
198,1,0,-11.33221218472454
199,1,0,-9.608792618942516
200,1,0,-12.36260624991246
201,1,0,-12.563913113770923
202,1,0,-12.425733099202716
203,1,0,-12.195399949519924
204,1,0,-12.416092765399299
205,1,0,-11.724550933521186
206,1,0,-12.604147230849776
207,1,0,-12.227946140672884
208,1,0,-12.502222390457064
209,1,0,-11.078575133829418
210,1,0,-12.733016296816004
211,1,0,-11.716668940393447
212,1,0,-12.285133854877586
213,1,0,-12.30332795083541
214,1,0,-11.930255232918626
215,1,0,-12.34487781558164
216,1,0,-11.1853366473415
217,1,0,-12.42791123705274
218,1,0,-12.649529767850709
219,1,0,-8.032134799323103
220,1,0,-12.174709673086
221,0,0,11.103616285210592
222,1,0,-9.794101563857566
223,1,0,-11.917684045080023
224,1,0,-12.209525327078154
225,0,0,1579.0804763621613
226,1,0,-12.397051563400055
227,1,0,-12.569914306005558
228,1,0,-12.447504551685142
229,1,0,-12.253820502649887
230,1,0,-10.885362249978243
231,1,0,-12.642756419363195
232,1,0,-12.43486442121457
233,1,0,-12.125019068966594
234,1,0,-12.291469227189737
235,1,0,-7.069903271066323
236,1,0,-12.723794262798492
237,1,0,-11.93288346325653
238,1,0,-12.564794803799032
239,1,0,-12.171623792077753
240,1,0,-12.028614938621104
241,1,0,-9.406504591639077
242,1,0,-12.579109426856576
243,1,0,-12.632020074317097
244,0,0,4.795587296430767
245,1,0,-12.20446552249814
246,1,0,-12.04652206813671
247,1,0,-12.559969639468363
248,1,0,-12.467084034600248
249,1,0,-12.015481897897189
250,1,0,-12.34877416751715
251,1,0,-11.587852856793688
252,1,0,-11.868395857484302
253,1,0,-12.280098634065325
254,1,0,-12.040805946170167
255,1,0,-12.337024849608042
256,1,0,-12.771833222044279
257,1,0,-11.611777965472356
258,1,0,-12.166698695137711
259,1,0,-12.454955622789385
260,1,0,-11.47068522301197
261,1,0,-11.485619476673037
262,1,0,-12.364268151233318
263,1,0,-12.55152451520371
264,1,0,-12.367076781381911
265,1,0,-11.83063762900747
266,1,0,-11.459773255878645
267,1,0,-12.214496643113307
268,1,0,-12.365452225626086
269,1,0,-12.385881380694173
270,1,0,-12.463169093261968
271,1,0,-12.322603798990713
272,1,0,-0.5333837130192478
273,1,0,-12.58474327674412
274,1,0,-12.623107326410263
275,1,0,-0.6537598634668029
276,1,0,-12.4691005774921
277,1,0,-12.409889256028237
278,1,0,-12.2474377208855
279,0,0,160.47101030751855
280,1,0,-12.600096748652504
281,1,0,-12.459409203636824
282,1,0,-12.725838682116773
283,1,0,-12.347640591414347
284,1,0,-12.538236765353759
285,0,0,683.3814938171345
286,1,0,-12.431460940511897
287,1,0,-12.08336842796507
288,1,0,-12.492215077939363
289,1,0,-12.254498767158111
290,1,0,-12.71714288632711
291,1,0,-12.666876483338001
292,1,0,-11.262960940166977
293,1,0,-12.436126207731832
294,1,0,-12.65628815807895
295,1,0,-12.348204722961782
296,1,0,-12.460093182764467
297,1,0,-12.411105337082518
298,1,0,-12.673982173917466
299,1,0,-12.431580188698263
300,1,0,-12.494425670821784
301,1,0,-11.211304576369912
302,1,0,-0.4644873869215189
303,1,0,-13.00328956025578
304,1,0,-13.0573870172434
305,1,0,-12.61813278873251
306,1,0,-12.339210902284321
307,1,0,-12.672356706034861
308,1,0,-12.621718595789389
309,1,0,-12.30575330877491
310,1,0,-12.268375084644504
311,0,0,138.71758290883463
312,1,0,-0.36378528840168656
313,1,0,-12.471270505452594
314,1,0,-12.414765667283518
315,1,0,-12.292083977972652
316,1,0,-12.399730615958106
317,1,0,-12.536284159128627
318,1,0,-12.407375881918142
319,1,0,-8.841996996395665
320,1,0,-12.581073110819943
321,0,0,314.8674900769943
322,1,0,-9.610923654100588
323,1,0,-12.341728925167445
324,1,0,-12.424439972057826
325,1,0,-12.514879889615713
326,1,0,-12.449130734532446
327,1,0,-12.271592898579911
328,1,0,-12.640873596699748
329,1,0,-12.022172546684487
330,1,0,-6.207552316816873
331,1,0,-12.389994621069036
332,1,0,-11.9490994756502
333,1,0,-12.11262308192181
334,1,0,-12.53985246614593
335,1,0,-11.943499331476687
336,1,0,-10.363241666982049
337,1,0,-11.915693724954508
338,1,0,-12.472399674053577
339,1,0,-12.53402953605746
340,1,0,-8.044019910018505
341,1,0,-11.504509435498221
342,0,0,79.74225336653717
343,1,0,-12.236157465502856
344,1,0,-12.356842961868097
345,1,0,-12.428862460596974
346,1,0,-11.616492979105715
347,1,0,-12.723980896642843
348,0,0,29.74575517382982
349,1,0,-9.279179123652739
350,1,0,-12.449069725611935
351,1,0,-7.490191447378038
352,0,0,19.247873567391252
353,1,0,-12.277781095027422
354,1,0,-11.408149501850858
355,1,0,-12.50288221734445
356,1,0,-12.544476343901351
357,0,0,267.3032798667982
358,1,0,-12.341455721213606
359,0,0,1422.524769883823
360,1,0,-12.52529867976773
361,1,0,-12.519033571315958
362,1,0,-12.30843472498691
363,1,0,-12.30677954199382
364,1,0,-12.457357277718529
365,1,0,-12.382132532115975
366,1,0,-12.446699693441587
367,1,0,-12.383140139194438
368,1,0,-12.297240066131508
369,1,0,-11.311932854448969
370,1,0,-12.597600150525068
371,1,0,-12.511880079469847
372,1,0,-6.066683112814644
373,1,0,-12.404890177088419
374,1,0,-12.338262648138425
375,1,0,-12.459061860603924
376,1,0,-12.290628281989484
377,1,0,-12.699439438082209
378,1,0,-12.003409754983295
379,1,0,-12.162842631641979
380,1,0,-12.44755845281179
381,1,0,-12.411364441245041
382,1,0,-12.551832482900409
383,1,0,-12.441370404569625
384,1,0,-12.651865255294524
385,1,0,-12.617228098699343
386,1,0,-12.314941835717946
387,1,0,-12.319618138982605
388,1,0,-11.657695103168408
389,1,0,-12.19682451200515
390,1,0,-12.369709784438328
391,1,0,-13.070828420632552
392,1,0,-12.475547959177675
393,1,0,-12.445355104286136
394,1,0,-13.549779482855229
395,1,0,-12.19808293312417
396,1,0,-12.466303156947106
397,1,0,-12.066298857994752
398,1,0,-12.636300615185519
399,1,0,-9.046024567900076
400,1,1,96.25043489044037
401,1,1,18.340610627145907
402,1,1,152.26658582138725
403,1,1,27.03173256570699
404,1,1,72.58783604270457
405,1,1,113.78032293462775
406,1,1,89.53857822658574
407,1,1,72.52654647660529
408,1,1,185.0126882014638
409,1,1,83.78325266603633
410,1,1,78.10227753867275
411,1,1,49.85909986034994
412,1,1,63.050413211785326
413,1,1,229.52785440192656
414,1,1,67.94668360964761
415,1,1,79.51019435846683
416,1,1,71.98651494059732
417,1,1,99.85338431310174
418,1,1,76.68391024516131
419,1,1,131.4273011963778
420,1,1,124.21047006029085
421,1,1,121.97110429703253
422,1,1,21.364785985230355
423,1,1,33.6984905975055
424,1,1,60.21978312355395
425,1,1,123.1373680505285
426,1,1,26.556846636520277
427,1,1,67.44309486236625
428,1,1,118.28848897880562
429,0,1,-11.77810354605026
430,1,1,8.955950223065884
431,1,1,122.03530775261424
432,1,1,77.50751645224364
433,1,1,71.54187866119901
434,1,1,21.066157059254692
435,1,1,12.674774384381635
436,1,1,101.15304701845434
437,1,1,122.82674637667105
438,1,1,17.605650518391485
439,1,1,29.536711057253797
440,1,1,93.69566258698114
441,1,1,18.049523814693202
442,1,1,85.64793419872103
443,1,1,117.43101185258274
444,1,1,135.41624513561055
445,1,1,8.277653270161409
446,1,1,55.76195009815274
447,1,1,52.68948570788416
448,1,1,55.223180577074345
449,1,1,68.19571762615033
450,1,1,58.7361667226578
451,1,1,118.80297797086587
452,1,1,31.193511451493123
453,1,1,35.928548400571344
454,1,1,92.73288154310058
455,1,1,22.38914708706716
456,1,1,45.87334154792643
457,1,1,32.73776906660078
458,1,1,81.32229569362335
459,1,1,45.332654379046744
460,1,1,38.63184918555544
461,1,1,63.120673552216886
462,1,1,143.05390195092968
463,0,1,-1.1253700970701175
464,1,1,25.263126615055626
465,1,1,8.621579672839744
466,1,1,65.24326412590972
467,1,1,105.90043158680146
468,1,1,12.97732392630951
469,1,1,36.81654612653347
470,1,1,59.82361643986633
471,1,1,113.21153761847927
472,1,1,40.21816637100892
473,1,1,29.945324183731827
474,1,1,53.30179564124637
475,1,1,51.50793199934242
476,0,1,0.9946380170117664
477,1,1,91.82294561559729
478,1,1,30.948479131459862
479,1,1,104.06676891914822
480,1,1,47.81240099616116
481,1,1,44.45842570705554
482,1,1,71.29483595747979
483,1,1,31.195140901672858
484,1,1,40.451275089357296
485,1,1,72.66327520830419
486,1,1,216.57565261891477
487,1,1,38.8218283924507
488,1,1,51.20033674014621
489,1,1,16.52750770483226
490,1,1,49.033943471819384
491,1,1,144.96961898512563
492,1,1,62.77540785703877
493,1,1,116.74481377399479
494,1,1,82.6725484550052
495,1,1,50.63859248281551
496,1,1,73.76393511727838
497,1,1,25.233035312773154
498,1,1,77.37935492979886
499,1,1,73.71989599341441
500,1,1,79.08148423286684
501,1,1,42.04770610470405
502,1,1,107.52695008034107
503,1,1,39.36466161745875
504,1,1,46.66384366607372
505,1,1,37.802805310065196
506,1,1,36.1458038337355
507,1,1,72.61552061158318
508,1,1,122.04351490556473
509,1,1,38.988297333506125
510,1,1,42.20377174521445
511,1,1,4.385543143127052
512,0,1,0.17126298584480537
513,1,1,38.76586189454156
514,1,1,145.903972444818
515,1,1,82.10091475139643
516,1,1,65.05942137223337
517,1,1,82.39939430162667
518,1,1,23.97673408985338
519,1,1,61.49480512954915
520,1,1,38.4307906394979
521,1,1,109.00594394755535
522,1,1,69.31124863682544
523,1,1,12.67414915989184
524,1,1,75.25455337956691
525,1,1,126.78292250340292
526,1,1,88.62802038327436
527,1,1,46.98828963877668
528,1,1,106.77693775193757
529,1,1,60.80185216294285
530,1,1,19.359579634232887
531,1,1,37.25021898141813
532,1,1,73.9205353996499
533,1,1,65.7139715630633
534,1,1,47.24611058788287
535,1,1,81.5178624599439
536,1,1,109.35783219065252
537,1,1,59.14316407503611
538,1,1,21.71993365025719
539,1,1,107.53353977906772
540,1,1,65.57229388647374
541,1,1,61.34790431808324
542,1,1,86.30313826904103
543,1,1,52.93611527232724
544,1,1,11.973838675030493
545,1,1,52.16384529623747
546,1,1,73.38499910587188
547,1,1,9.129174702789896
548,1,1,29.56921771895486
549,1,1,149.9334250461534
550,1,1,68.54576474911482
551,1,1,36.89710481842121
552,1,1,82.05982358859728
553,1,1,13.847699226176246
554,1,1,131.29044581833296
555,1,1,48.50599553166285
556,1,1,35.51855829224132
557,1,1,99.76410689596878
558,1,1,28.518654238699128
559,1,1,93.94572597762362
560,1,1,51.81311517374115
561,1,1,99.22433356146848
562,1,1,88.81592410147596
563,1,1,29.999070998257594
564,1,1,76.97800575190013
565,1,1,49.13070190050303
566,1,1,66.87775469095914
567,1,1,58.16255024320844
568,1,1,65.82060084095974
569,1,1,10.797725610808357
570,1,1,52.84209017369676
571,1,1,31.4590573600467
572,1,1,122.05825447798725
573,1,1,95.0255886022228
574,1,1,94.84576132026814
575,1,1,87.12534488186702
576,1,1,36.73356217186074
577,1,1,23.365851736837158
578,1,1,84.06535874440078
579,1,1,19.413065137244303
580,1,1,17.282115314417297
581,1,1,21.37947927616733
582,1,1,20.40840220719565
583,1,1,72.26776369886375
584,1,1,45.498978228608394
585,1,1,200.23117875538537
586,1,1,69.6650847039291
587,1,1,142.60227879484182
588,1,1,83.51836138791214
589,0,1,-5.4166597680441555
590,1,1,111.4128630027717
591,1,1,64.82516185475015
592,1,1,25.092681668204477
593,1,1,29.63993019883401
594,1,1,84.05447319848145
595,1,1,7.605324776501675
596,1,1,89.42880915303476
597,1,1,93.01747556888859
598,1,1,47.49131792063508
599,1,1,60.38146915549942
600,1,1,68.30852434607141
601,1,1,88.01911296650132
602,1,1,19.675846305537107
603,1,1,12.96841186792335
604,1,1,162.03916908831752
605,1,1,37.590488690634174
606,1,1,47.94795588082752
607,1,1,46.175836152858665
608,1,1,69.93290318014988
609,1,1,50.424848981820105
610,1,1,15.371262172555817
611,1,1,46.62341233074358
612,1,1,42.25266482045072
613,1,1,63.948230792084814
614,1,1,87.64818051860266
615,1,1,31.27028387791006
616,1,1,105.5418447070665
617,1,1,46.71546062478501
618,1,1,55.27500719022464
619,1,1,42.76840346687277
620,1,1,95.67137284979344
621,1,1,47.95575477565308
622,1,1,119.91351496129391
623,1,1,32.79904097804774
624,1,1,53.771292853389696
625,1,1,56.26214975444009
626,1,1,40.09039437638057
627,1,1,114.01685783530138
628,1,1,67.05058561837723
629,1,1,27.295729134744306
630,1,1,55.275225703251635
631,1,1,83.21196587460372
632,1,1,32.32276172990714
633,1,1,35.104466527384375
634,1,1,113.62281999020115
635,1,1,26.5409612172607
636,1,1,42.8058345043728
637,1,1,29.542058859070494
638,1,1,37.964962998333704
639,1,1,41.11050067376618
640,1,1,22.538184689738046
641,1,1,94.95480821374622
642,1,1,49.801181809339596
643,0,1,27.05633108371876
644,1,1,12.155921964995741
645,1,1,66.72704050401353
646,1,1,30.30256409213007
647,1,1,102.82957360205364
648,1,1,35.99204046216846
649,1,1,21.33901171364323
650,1,1,35.77728422066457
651,1,1,91.5290078678795
652,1,1,38.05094817024019
653,1,1,52.69538839887764
654,1,1,53.70199252518887
655,1,1,16.762218202359236
656,1,1,104.80836566813969
657,1,1,94.40426862226332
658,1,1,74.86801859349771
659,1,1,100.06373199412292
660,1,1,48.59143339397633
661,1,1,60.17257815364337
662,1,1,56.92350120485844
663,1,1,36.65792445015995
664,1,1,79.27458835790003
665,1,1,58.76086168898655
666,0,1,-3.6305214965946107
667,1,1,74.48802257909392
668,1,1,92.14623595679268
669,1,1,14.2692442179291
670,1,1,96.39028864866123
671,1,1,27.85013964438849
672,1,1,62.70655300414728
673,1,1,72.40639180279686
674,1,1,82.10102585618733
675,1,1,24.187478720190484
676,1,1,75.87165857854325
677,1,1,139.08158350868825
678,1,1,73.01547814044216
679,1,1,5.230185202914981
680,1,1,49.417045944672736
681,1,1,46.757161260845805
682,1,1,228.11452189929742
683,1,1,54.333694810994075
684,1,1,54.54552181202325
685,1,1,35.6937008555542
686,1,1,42.5788546407307
687,1,1,32.20308091611105
688,1,1,114.66486930617793
689,1,1,31.350623216631902
690,1,1,80.55184177786396
691,1,1,22.627499835459275
692,1,1,109.36307788382055
693,1,1,186.21190114088586
694,1,1,59.84874371156047
695,1,1,84.34674271335462
696,1,1,159.94764984829453
697,1,1,143.88494355420517
698,1,1,65.75292763755579
699,1,1,73.728117444482
700,1,1,68.9775623888163
701,1,1,79.61407589695546
702,1,1,30.314886391719483
703,1,1,95.19789149792496
704,1,1,67.79820981777584
705,1,1,113.41805382224447
706,1,1,10.496796301291397
707,1,1,112.26802602626685
708,1,1,44.980560378198334
709,1,1,23.320825629344654
710,1,1,80.51848611763626
711,1,1,69.25696442140043
712,1,1,57.7774737091504
713,1,1,25.25532795699837
714,1,1,47.75194691391107
715,1,1,55.942607304849844
716,1,1,49.72217611374799
717,1,1,57.87299549653562
718,1,1,17.946474832765034
719,1,1,44.10407167435142
720,1,1,52.87417554244939
721,1,1,75.38904502113837
722,1,1,9.86259056413428
723,1,1,61.6856663471126
724,1,1,118.79377624458584
725,1,1,71.47197995826264
726,1,1,72.06669342985879
727,1,1,55.118152859080965
728,1,1,41.53054905260478
729,1,1,36.67314164008258
730,1,1,12.566292585750489
731,1,1,84.05469560855818
732,1,1,48.85254493894263
733,1,1,77.82283489245901
734,1,1,7.645242060379587
735,1,1,42.48482465632833
736,1,1,140.4637724780473
737,1,1,11.600204798437517
738,1,1,27.139250287941195
739,1,1,94.44466199996305
740,1,1,89.33242402983706
741,1,1,29.012606480474005
742,1,1,78.60717285274268
743,1,1,41.83897010786541
744,1,1,33.49682192607679
745,1,1,26.469474567656107
746,1,1,41.96973528630224
747,1,1,170.814391577881
748,1,1,44.98884523708557
749,1,1,32.35538951691706
750,1,1,64.44228092158619
751,1,1,47.59110170094846
752,1,1,42.6319814086537
753,1,1,53.0957531929098
754,1,1,12.084148678258316
755,1,1,95.68188184777546
756,1,1,35.03701091496896
757,1,1,73.11027442803334
758,1,1,36.589264589796585
759,1,1,29.401189753290964
760,1,1,56.86408900223887
761,1,1,102.55622111370985
762,1,1,22.641572844307575
763,1,1,132.9190506192599
764,1,1,64.87990854106738
765,1,1,106.74404702735728
766,1,1,73.2472430201542
767,1,1,77.03575136497102
768,1,1,40.26103557850456
769,1,1,44.357275278949146
770,1,1,81.10457642693837
771,1,1,9.456741540551775
772,1,1,46.309534806177
773,1,1,5.3792411660356265
774,1,1,53.27640746050065
775,1,1,27.191042458542142
776,1,1,102.77905090241256
777,1,1,96.66845186114779
778,1,1,22.438592810650334
779,1,1,54.46597231437045
780,1,1,9.424642713281173
781,1,1,95.6650069028774
782,1,1,53.63763678724854
783,1,1,24.69382386147572
784,1,1,34.39964189115153
785,1,1,95.81943412925375
786,1,1,53.84343237024359
787,1,1,61.13531641495092
788,1,1,33.994061271779174
789,1,1,44.9250791615641
790,1,1,39.01026823893335
791,1,1,65.36956508781532
792,1,1,62.39829500032465
793,1,1,60.38401891965714
794,1,1,19.78464063789488
795,1,1,51.794174214445775
796,1,1,60.396250170822896
797,1,1,41.866901060632244
798,1,1,61.447482879234485
799,1,1,56.38552174443839
