gene_index,gene_name,predicted_state,confidence
0,AI462493,2.0,1.0
1,Abi3bp,2.0,1.0
2,Aen,3.0,1.0
3,Aff1,3.0,1.0
4,Akap12,2.0,1.0
5,Akt1,3.0,1.0
6,Amotl1,2.0,1.0
7,Ankrd11,2.0,1.0
8,Antxr1,2.0,1.0
9,Anxa8,2.0,1.0
10,Ap2m1,2.0,1.0
11,Arhgdib,3.0,1.0
12,Arl6ip1,2.0,1.0
13,Arl6ip4,3.0,1.0
14,Atf4,2.0,1.0
15,Atf5,2.0,1.0
16,Atp1a1,,1.0
17,Bag2,2.0,1.0
18,Basp1,2.0,1.0
19,Bmp1,3.0,1.0
20,Brd2,2.0,1.0
21,Btf3,3.0,1.0
22,Btg2,2.0,1.0
23,Ccdc104,3.0,1.0
24,Ccnd1,2.0,1.0
25,Ccne1,2.0,1.0
26,Ccs,2.0,1.0
27,Cd248,3.0,1.0
28,Cdkn2b,2.0,1.0
29,Cited2,2.0,1.0
30,Col6a2,2.0,1.0
31,Col6a3,3.0,1.0
32,Col8a1,2.0,1.0
33,Cotl1,2.0,1.0
34,Cox7b,3.0,1.0
35,Dap3,3.0,1.0
36,Ddr1,2.0,1.0
37,Dek,2.0,1.0
38,Dkk3,3.0,1.0
39,Dph3,3.0,1.0
40,Dpp3,2.0,1.0
41,Dtymk,3.0,1.0
42,Dusp1,2.0,1.0
43,Dync1i2,3.0,1.0
44,Eef1g,3.0,1.0
45,Ehbp1l1,3.0,1.0
46,Eif2b3,2.0,1.0
47,Eif2s2,3.0,1.0
48,Eif3e,,1.0
49,Eif3m,3.0,1.0
50,Eif4e2,2.0,1.0
51,Eif4g2,3.0,1.0
52,Emilin2,2.0,1.0
53,Eml1,2.0,1.0
54,Emp1,3.0,1.0
55,Eno1,3.0,1.0
56,Fabp5,2.0,1.0
57,Fads1,2.0,1.0
58,Fads3,3.0,1.0
59,Fgf7,2.0,1.0
60,Fuca2,3.0,1.0
61,Fus,3.0,1.0
62,Fxyd5,2.0,1.0
63,Galk1,2.0,1.0
64,Gja1,2.0,1.0
65,Golim4,2.0,1.0
66,Gys1,3.0,1.0
67,Hbegf,2.0,1.0
68,Hcfc1r1,2.0,1.0
69,Hmga2,2.0,1.0
70,Hmox1,2.0,1.0
71,Hnrnpc,3.0,1.0
72,Hnrnpm,3.0,1.0
73,Hspa14,2.0,1.0
74,Id1,2.0,1.0
75,Ier2,3.0,1.0
76,Jun,3.0,1.0
77,Klf6,3.0,1.0
78,Kpna6,3.0,1.0
79,Lamb2,3.0,1.0
80,Lgals9,2.0,1.0
81,Lhfp,2.0,1.0
82,Lmod1,3.0,1.0
83,Lonp1,2.0,1.0
84,Loxl2,2.0,1.0
85,Loxl3,2.0,1.0
86,Lxn,2.0,1.0
87,Maea,3.0,1.0
88,Marcks,2.0,1.0
89,Mars,3.0,1.0
90,Mdm2,2.0,1.0
91,Mtap,2.0,1.0
92,Mthfd2,2.0,1.0
93,Mustn1,2.0,1.0
94,Mycbp2,3.0,1.0
95,Naa38,3.0,1.0
96,Nagk,3.0,1.0
97,Ncam1,2.0,1.0
98,Ncln,2.0,1.0
99,Ndufs2,3.0,1.0
100,Neat1,2.0,1.0
101,Nid1,3.0,1.0
102,Nisch,3.0,1.0
103,Nop16,2.0,1.0
104,Nop56,2.0,1.0
105,Nqo1,3.0,1.0
106,Nrp1,3.0,1.0
107,Nudc,2.0,1.0
108,Nudt4,2.0,1.0
109,Nupr1,3.0,1.0
110,Oxr1,3.0,1.0
111,Pafah1b1,,1.0
112,Palld,2.0,1.0
113,Pbxip1,2.0,1.0
114,Pdap1,3.0,1.0
115,Pdgfa,2.0,1.0
116,Pdlim2,2.0,1.0
117,Pfkl,2.0,1.0
118,Phlda1,2.0,1.0
119,Phldb1,2.0,1.0
120,Phldb2,,1.0
121,Pla2g4a,2.0,1.0
122,Pld3,2.0,1.0
123,Plekhb2,3.0,1.0
124,Plk2,2.0,1.0
125,Plxna1,2.0,1.0
126,Pmm1,2.0,1.0
127,Ppap2b,2.0,1.0
128,Prpf40a,3.0,1.0
129,Prrx1,2.0,1.0
130,Psat1,2.0,1.0
131,Psmb3,3.0,1.0
132,Ptgr1,2.0,1.0
133,Ptpn14,3.0,1.0
134,Puf60,3.0,1.0
135,Rab14,3.0,1.0
136,Rab31,2.0,1.0
137,Rhoc,3.0,1.0
138,Rpa1,2.0,1.0
139,Rpl23,3.0,1.0
140,Rps8,2.0,1.0
141,Rrm1,2.0,1.0
142,Rwdd1,3.0,1.0
143,S100a1,2.0,1.0
144,Sae1,2.0,1.0
145,Sars,,1.0
146,Sbsn,2.0,1.0
147,Scd2,3.0,1.0
148,Sdc1,3.0,1.0
149,Sec11a,,1.0
150,Sec63,2.0,1.0
151,Sepn1,3.0,1.0
152,Sf3b2,3.0,1.0
153,Ski,3.0,1.0
154,Slc12a4,3.0,1.0
155,Slc1a6,3.0,1.0
156,Slc25a11,3.0,1.0
157,Slc2a1,2.0,1.0
158,Slc38a2,3.0,1.0
159,Slc6a6,2.0,1.0
160,Smc4,2.0,1.0
161,Smc6,2.0,1.0
162,Smoc2,2.0,1.0
163,Snrnp70,2.0,1.0
164,Snx7,2.0,1.0
165,Soat1,3.0,1.0
166,Sod2,3.0,1.0
167,Sqstm1,2.0,1.0
168,Srsf11,2.0,1.0
169,Ssb,,1.0
170,St13,3.0,1.0
171,St3gal2,2.0,1.0
172,Taf9,2.0,1.0
173,Tbcb,3.0,1.0
174,Tceb3,2.0,1.0
175,Tex261,2.0,1.0
176,Tfpi,2.0,1.0
177,Thbs2,3.0,1.0
178,Timm8b,3.0,1.0
179,Tkt,2.0,1.0
180,Tmem45a,2.0,1.0
181,Tmem9b,2.0,1.0
182,Tmsb10,2.0,1.0
183,Tns1,2.0,1.0
184,Tra2b,2.0,1.0
185,Traf7,3.0,1.0
186,Ubap2l,2.0,1.0
187,Ugp2,2.0,1.0
188,Umps,2.0,1.0
189,Unc5b,3.0,1.0
190,Vasn,3.0,1.0
191,Vcan,2.0,1.0
192,Wdr26,3.0,1.0
193,Wnk1,3.0,1.0
